0,Dalvin,Lairmore,34
1,Lindsay,Gey,38
2,Marjory,Barnum,28
3,Adalyn,Traverso,42
4,Kimberely,Gallop,44
5,Mildred,Madras,24
6,Loreen,Nicastro,22
7,Rusty,Ancira,41
8,Nim,Gambaiani,39
9,Orelia,Hochstatter,45
10,Leigh,Flagel,21
11,Kristian,Evanchalk,25
12,Lars,Jaskolka,22
13,Myrta,Pinna,24
14,Vashti,Knupke,41
15,Jeri,Spinola,20
16,Deidra,Lieberg,28
17,Nonie,Thorndyke,35
18,Amberly,Stangle,38
19,Docia,Schipper,28
20,Celestia,Jenkerson,34
21,Karol,McCadden,42
22,Jonnie,Reckers,41
23,Gauge,Sandefur,30
24,Cinnamon,Kruszewski,38
25,Joshua,Fayad,38
26,Bailey,Higinbotham,47
27,Gayle,Vallee,29
28,Vassie,Center,42
29,Clearence,Guernsey,30
30,Oline,Bantug,37
31,Brandie,Salvatierra,34
32,Georgiann,Devitto,42
33,Al,Capanna,34
34,Idamae,Opray,40
35,Ferd,Castelluccio,31
36,Ossie,Alouf,37
37,Myrle,Ruys,32
38,Paige,Arrand,40
39,Amare,Yakow,24
40,Kayden,Ciufo,42
41,Offie,Common,35
42,Jan,Wolski,29
43,Terese,Nice,31
44,Beda,Fraunfelter,20
45,Salena,Friday,34
46,Laci,Capp,44
47,Arline,Skeete,40
48,Sheryl,Cernansky,35
49,Gustavo,Landress,46
50,Susie,Matinez,29
51,Joseluis,Cyphers,30
52,Florian,Laska,47
53,Darnell,Zange,30
54,Enrique,Sallas,23
55,Mabel,Knowling,40
56,Verena,Applewhaite,24
57,Luvenia,Rocho,45
58,Kalie,Eskaf,33
59,David,Casburn,29
60,Debbie,Baumgartel,22
61,Yolanda,Hoehn,21
62,Helen,Kralik,39
63,Margarette,Lowa,30
64,Olena,Aery,37
65,Amya,Dellajacono,46
66,Offie,Pimenta,43
67,Daisie,Lamprecht,23
68,Evon,Hasberry,31
69,Dominga,Yanuaria,38
70,Saul,Holme,45
71,Shannon,Cookman,25
72,Deedee,Callon,36
73,Rae,Wamser,37
74,Nanci,Culberson,48
75,Catharine,Aakre,47
76,Giovanni,Wellinghoff,21
77,Evert,Fiscel,44
78,Felecia,Bodfish,35
79,Suzann,Mangubat,34
80,Donie,Berkovitz,20
81,Janiah,Palmateer,21
82,Media,Ghera,24
83,Mathew,Galindez,35
84,Talmadge,Figiel,49
85,Alfred,Pander,32
86,Reason,Zills,48
87,Alan,Templin,22
88,Kerwin,Didriksen,48
89,Ammie,Scalzi,37
90,Teela,Strini,24
91,Micah,Buddington,39
92,Jean,Hunzeker,36
93,Migdalia,Taliulu,35
94,Fabiola,Lewars,38
95,Maegan,Croft,38
96,Jacey,Bellis,42
97,Noma,Carino,43
98,Camilla,Shillinger,30
99,Blossom,Rulli,22
100,Docia,Brittingham,30
101,Karter,Abina,38
102,Chaz,Fagerstrom,27
103,Dania,Fouse,28
104,Queenie,Renollet,33
105,Chadwick,Trompeter,41
106,Celesta,Romesburg,30
107,Alford,Kimbriel,26
108,Melbourne,Samson,49
109,Lynwood,Peron,46
110,Vennie,Garibai,28
111,Harlon,Gojmerac,37
112,Kristine,Kellermann,30
113,Henrietta,Mesdaq,43
114,Celestia,Girten,48
115,Delpha,Port,30
116,Alize,Taddei,30
117,Nunzio,Schmelzer,48
118,Holly,Trucco,31
119,Hollie,Partmann,43
120,Charlie,Shahinian,43
121,Amani,Ardizzone,26
122,Gunner,Chez,25
123,Delfina,Wedderburn,26
124,Marlys,Perkins,38
125,Rhona,Stickford,48
126,Fuller,Stouer,26
127,Latanya,Ello,25
128,Lauren,Seybert,35
129,Britni,Ehrle,28
130,Ballard,Kokaly,33
131,Kenton,Zolinski,49
132,Kamila,Wanat,44
133,Maurice,Kats,44
134,Justina,Samaha,43
135,Jeri,Girt,25
136,Kiley,Solomon,34
137,Erby,Blenden,31
138,Duard,Render,45
139,Joe,Schmieder,24
140,Zettie,Stolpe,20
141,Sheilah,Neonakis,31
142,Corey,Ville,23
143,Orra,Niemiec,28
144,Orris,Juliar,44
145,Arie,Eacret,36
146,Krish,Apolo,31
147,Ray,Hoffner,24
148,Samira,Kasinger,24
149,Rose,Akers,39
150,Alyssia,Minaai,33
151,Javier,Konopka,31
152,Andra,Tuthill,25
153,Elisabeth,Peden,44
154,Kaylynn,Clugston,30
155,Jason,Stauber,21
156,Alta,Fuda,42
157,Florence,Crellin,49
158,Meghan,Dearcos,47
159,Ewald,Vanclief,24
160,Adelle,Laud,31
161,Jessie,Sprowl,46
162,Therese,Chrismon,39
163,Lila,Linford,34
164,Avah,Lanciotti,25
165,Senora,Kwiecinski,41
166,Deforest,Sylvia,35
167,Kylah,Stuller,26
168,Kianna,Newstrom,27
169,Kennedy,Schink,33
170,Lucy,Heutmaker,41
171,Djuana,Wedding,26
172,Manuela,Laasaga,33
173,Lexis,Germany,38
174,Cooper,Felger,42
175,Ethan,Altum,35
176,Marianna,Ruszkowski,26
177,Nella,Sheeks,34
178,Brisa,Agerton,25
179,Deedee,Schnickel,22
180,Kari,Naasz,41
181,Callie,Karmazyn,45
182,Dennis,Wolsky,21
183,Penny,Cipponeri,20
184,Merilyn,Christopherso,47
185,Levin,Hubin,32
186,Kori,Bussa,22
187,Amiya,Waack,33
188,Bartley,Yurko,28
189,Bird,Hendren,35
190,Yair,Mech,46
191,Brion,Mandril,39
192,Miley,Clubbs,31
193,Roby,McCrosky,27
194,Emmet,Lawford,29
195,Thaddeus,Tamayo,40
196,Shonda,Polasek,47
197,Maryellen,Huish,38
198,Simon,Merilos,33
199,Jody,Yovino,39
200,Isadora,Tortelli,49
201,Damien,Musich,21
202,Acie,Harig,28
203,Elton,Angello,32
204,Bolden,Gonzalos,20
205,Reba,Wnorowski,39
206,Jaleel,Hon,36
207,Price,Bouck,45
208,Lise,Barrientez,45
209,Bailey,Everline,41
210,Dabney,Holzinger,29
211,Izabelle,Vedia,37
212,Cassius,Petramale,37
213,Orene,Stanwick,39
214,Tarah,Raigoza,21
215,Venita,Korpela,43
216,Elden,Tremper,44
217,Willie,Hidaka,45
218,Kaydence,Bromfield,38
219,Sister,Cake,46
220,Celina,Farnworth,21
221,Lauryn,Pulkkinen,20
222,Azul,Ledwig,37
223,Bush,Schiele,43
224,Tyreek,Magby,23
225,Algernon,Pendegraft,31
226,Enrico,Marciel,28
227,Ross,Oktavec,35
228,Tarsha,Stanzak,32
229,Knute,Lysiak,33
230,Ayesha,Poore,47
231,Evelyne,Studnicki,28
232,Noelle,Dippel,32
233,Burney,Narro,28
234,Achsah,Poulton,34
235,Lorie,Hathcox,22
236,Judith,Leeth,45
237,Estefany,Dragula,38
238,Ermine,Myrie,33
239,Lola,Kuhls,41
240,Sara,Pflugradt,34
241,Carnell,Vecchi,47
242,Ruthe,McGavock,36
243,Willia,Goldtrap,46
244,Tod,Derion,47
245,Fernando,Hornor,39
246,Karlene,Sitsler,41
247,Ama,Ragno,31
248,Ophelia,Stritzke,24
249,Monserrat,Gallien,37
250,Ruth,Winterrowd,38
251,Josephine,Ulvan,39
252,Virginia,Nease,21
253,Vella,Over,24
254,Bryana,Briel,41
255,Melody,Pastore,43
256,Bruno,Szafryk,24
257,Cristobal,Chefalo,49
258,Josie,Kampf,24
259,Golden,Berenbaum,33
260,Deborah,Ambrister,38
261,Troy,Knicely,44
262,Carleigh,Zubris,47
263,Ismael,Millhouse,39
264,Genie,Kalgren,35
265,Sheldon,Castin,36
266,Ammie,Morgon,43
267,Carry,Wynter,45
268,Theresia,Plato,44
269,Less,Dresner,47
270,Lloyd,Reager,35
271,Dakotah,Kakos,35
272,Delton,Lesser,22
273,Annabella,Faughn,46
274,Rufus,Desan,43
275,Blossom,Cronshaw,41
276,Wardell,Kokubun,25
277,Orvil,Skrebes,21
278,Cortez,Minicucci,24
279,Eugenio,Sobran,42
280,Iverson,Ragains,22
281,Guido,Taveras,43
282,Kiley,Moniot,43
283,Monty,Hernan,20
284,Morgan,Liekhus,42
285,Eartha,Auten,30
286,Hortensia,Tokar,34
287,Lynwood,Lamber,23
288,Arminda,Bahadue,30
289,Liam,Capo,24
290,Bernice,Katzer,38
291,Jaelyn,Goldfischer,29
292,Bell,Stapleton,40
293,Cordero,Vanlent,28
294,Gust,Hingston,46
295,Trenton,Prus,31
296,Eleanore,Guilmain,31
297,Sanjuana,Borunda,44
298,Nathan,Skattebo,41
299,Linnea,Benesh,43
300,Mirtie,McPhatter,21
301,Marcela,Faulknen,31
302,Malinda,Schweizer,43
303,Haskell,Newens,30
304,Ivana,Zanderigo,46
305,Alyssia,Groberg,23
306,Mareli,Sanborn,34
307,Maryjane,Buonassisi,33
308,Tamala,Batala,20
309,Forrest,Yanosky,30
310,Marius,Lavell,28
311,Sanjuana,Pyfrom,26
312,Dan,Kulesza,35
313,Takisha,Escalante,23
314,Domenick,Boespflug,46
315,Tabatha,Yeates,20
316,Harley,Bears,40
317,Valentine,Woodburn,41
318,Ulysses,Ockman,48
319,Stonewall,Hanscom,30
320,Luberta,Solinas,35
321,Nash,Iburg,31
322,Demetric,Olide,41
323,Kimberlie,Ramseyer,26
324,Bertie,Vergin,36
325,Hattie,Delavega,33
326,Hung,Kepner,25
327,Jacqulyn,Dilger,38
328,Shaquille,Niederhaus,46
329,Sister,Solorsano,39
330,Arlyn,Brantly,44
331,Solon,Canova,48
332,Gaye,Clermont,24
333,Letha,Tabuena,49
334,Dabney,Boissy,21
335,Willis,Swopes,24
336,Keisha,Phillis,32
337,Russell,Germann,35
338,Thos,Daffin,30
339,Gena,Adamski,26
340,Madonna,Thury,29
341,Duke,Tinson,28
342,Wess,Darrell,40
343,Mya,Kick,37
344,Racheal,Noonan,22
345,Abner,Verucchi,40
346,Dorthea,Weatherholt,25
347,Rhianna,Mallak,44
348,Rolanda,Consla,21
414,Marta,Mathson,45
428,Sherrill,Stonecypher,33
1684,Brittany,Mayze,46
1912,Jeryl,Fridman,27
2814,Adlai,Ashenfelter,26
2838,Edgar,Sileo,47
2885,Kasey,Markow,33
3003,Alba,Britsch,22
3173,Carlisle,Giangregorio,47
3290,Selina,Dundon,32
353,Devyn,Jaffee,31
363,Reino,Rattigan,43
366,Clarence,Sumers,23
376,Ricardo,Javaux,44
389,Tre,Treen,47
420,Esker,Paiva,25
475,Leona,Neyhart,43
483,Kadijah,Salaza,32
484,Gene,Schimler,23
517,Federico,Chassaniol,45
526,Tessa,Primo,28
538,Lenore,Wasp,40
563,Lark,Lab,47
566,Bertie,McEneny,23
580,Cleone,Valko,26
596,Wright,Ripley,34
601,Gloria,Spirko,32
606,Alanzo,Tseng,32
629,Alexandrea,Birdin,49
637,Kelsie,Uhlman,37
641,Rosann,Boyton,43
649,Samantha,Tuczynski,46
651,Gidget,Devarona,46
896,Cassie,Hoot,27
897,Humberto,Fallon,25
898,Libbie,Grime,38
899,Dink,Wragge,29
900,Gail,Minardo,21
901,Bonny,Dunmire,37
902,Arlie,Canady,37
903,Geneva,Ellerkamp,35
904,Eula,Queja,31
905,Juliana,Nott,42
906,Sage,Buden,41
907,Joey,Seidman,39
908,Stone,McElhany,31
909,Victoriano,Santi,25
910,Nannette,Abdelal,46
911,Hugh,Dishon,25
912,Chauncy,Loseke,36
913,Deborah,Netley,34
914,Elmore,Colemon,26
915,Pennie,Frankin,48
916,Jovany,Devotie,28
917,Deliah,Gallegas,38
918,Macarthur,Trinca,44
919,Wynona,Speach,27
920,Amerigo,Thoresen,22
921,Maryann,Bresemann,23
922,Mia,Molloy,36
923,Avery,Danielski,36
924,Delle,Esterbrook,41
925,Jackie,Luvert,41
926,Ara,Renzi,31
927,Jakob,Armesto,45
928,Koen,Tobosa,25
929,Eldred,Leneave,27
930,Waldo,Milliren,31
931,Britni,Torrell,25
932,Sheilah,Czubakowski,22
933,Nicholas,Halaas,45
934,Rexford,Rentas,37
935,Demetric,Guith,44
936,Kingston,Inestroza,44
937,Laurine,Christenbury,30
938,Amir,Shepeard,33
939,Shelli,Polite,44
940,Ignacio,Marcinka,28
941,Jaquelin,Augustin,27
942,Monserrat,Ebach,30
943,Rayburn,Beltran,46
944,Alexa,Tytler,31
945,Buddie,Burtell,25
946,Maggie,Petermeier,26
947,Archie,Bogner,43
948,Glenn,Blakelock,47
949,Amie,Sinner,46
950,Elgie,Plomma,23
951,Donnell,Fauls,23
952,Eleanor,Secor,31
953,Christiana,Kamensky,26
954,Shanae,Cozby,38
955,Denise,Delgadillo,31
956,Geri,Koegel,44
957,Ronal,Sconce,39
958,Dino,Klarin,40
959,Elias,Wegrzyn,30
960,Gennaro,Ugland,23
961,Waino,Pechaira,36
962,Sandy,Felonia,38
963,Lovell,Paavola,45
964,Earlie,Mountain,36
965,Ferman,Caza,46
966,Genevieve,Cobb,44
967,Onie,Biehn,42
968,Yaakov,Hettrick,37
969,Cherrelle,Fehribach,39
970,Dolores,Gelbart,40
971,Kiarra,Rehrig,26
972,Emilia,Traux,49
973,Celena,Nolazco,22
974,Sharman,November,35
975,Conrad,Vanlith,40
976,Leslie,Altizer,46
977,Lorenza,Boyar,25
978,Diya,Majkut,22
979,Efrem,Baadsgaard,25
980,Stevie,Pinch,48
981,Abram,Newman,21
982,Roscoe,Dunegan,32
983,Gordon,Lagard,22
984,Stephon,Annen,35
985,Benjaman,Angton,32
986,Araminta,Mineo,35
987,Aubra,Hollow,23
988,Elease,Yoders,26
989,Lorri,Moening,38
990,Damarcus,Salamy,25
991,Bose,Urquiza,35
992,Marc,Ommen,22
993,Caesar,Bizzaro,31
994,Malia,Uscio,20
995,Orville,Krammes,25
996,Orla,Dancause,24
997,Ella,Morris,38
998,Alphonse,Cerrello,30
999,Luana,Orihuela,29
1000,Reilly,Brzezinski,21
1001,Armani,Rouse,26
1002,Karlee,Didonatis,45
1003,Coty,Jowers,45
1004,Holli,Bemiss,36
1005,Claude,Dewhurst,36
1006,Kipp,Signorino,47
1007,Leota,Terrebonne,21
1008,Esequiel,Frometa,25
1009,Kelli,Towber,32
1010,Genoveva,Ritchie,47
1011,Hillary,Tranbarger,36
1012,Carl,Arguilez,34
1013,Finn,Chalet,35
1014,Tillman,Tencza,46
1015,Terri,Paparelli,34
1016,Orvis,Janoski,20
1017,Loda,Frechette,45
1018,Kathie,Lanning,24
1019,Noreen,Bliek,31
1020,Aili,Quesnel,47
1021,Keyshawn,Koroma,37
1022,Phillip,Trabazo,46
1023,Rose,Trofholz,47
1024,West,Walles,34
1025,Firman,Elbers,36
1026,Theodore,Rounds,34
1027,Buffy,Lajoye,37
1028,Lashunda,Dinnendahl,33
1029,Elder,Schlote,21
1030,Mordechai,Jekel,37
1031,Hazel,Otremba,32
1032,Iris,Formica,26
1033,Skye,Decasas,24
1034,Emmalee,Ladage,35
1035,Camden,Marsiglia,28
1036,Dominga,Wanty,30
1037,Harlan,Omeara,30
1038,Marion,Choudhury,27
1039,Jamal,Bradley,30
1040,Tomas,Niece,26
1041,Henriette,Munsen,30
1042,Murl,Loge,42
1043,Anastacio,Alamilla,41
1044,Leanna,Frese,25
1045,Essie,Kurzinski,33
1046,Elmer,Keplin,32
1047,Bud,Boivin,48
1048,Ardelle,Hanley,44
1049,Petra,Sarvis,44
1050,Brendan,Osland,46
1051,Carl,Golston,29
1052,Lindsey,Ringen,49
1053,Aiyana,Dejarme,49
1054,Carleigh,Wahlund,43
1055,Keeley,Mallernee,24
1056,Brielle,Vara,23
1057,Emilia,Maday,29
1058,Ara,Bohannan,37
1059,Tashina,Secord,20
1060,Melany,Kolar,20
1061,Gary,Gochenour,30
1062,Tatyanna,Prouse,45
1063,Hollis,Dore,39
1064,Dicie,Tolve,43
1065,Mabel,Keady,41
1066,Gunnar,Mosena,30
1067,Carey,Hosch,44
1068,Leona,Schleicher,22
1069,Shyanne,Panzer,34
1070,Val,Merwin,37
1071,Birtie,Malley,34
1072,Zhane,Holtmann,37
1073,Elisa,Tiangco,45
1074,Casey,Campanella,25
1075,Kevan,Luing,32
1076,Manervia,Gonzolez,49
1077,Marian,Reale,48
1078,Jasmin,Felipe,26
1079,Ray,Sehl,47
1080,Michele,Almaras,37
1081,Chestina,Bulgarella,39
1082,Enos,Matko,46
1083,Gage,Liskai,44
1084,Nathaniel,Draffen,29
1085,Kaylah,Nothacker,37
1086,Minor,Tapat,35
1087,Ballard,Hua,24
1088,Archie,Iwata,44
1089,Ula,Wiglesworth,30
1090,Quinton,Muthig,38
1091,Chaka,McMillen,35
1092,Dion,Guilfoil,37
1093,Crystal,Friedlander,44
1094,Worth,Odo,36
1095,Martell,Gelineau,28
1096,Jeremie,Kesinger,24
1097,Leafy,Godley,27
1098,Casie,Lomonaco,29
1099,Marie,Neumaier,21
1100,Nicola,Garro,24
1101,Tommy,Landen,33
1102,Irene,Antunez,37
1103,Dyllan,Wier,21
1104,Luis,Avenia,28
1105,Laci,Reneau,43
1106,Annabell,Torrecillas,33
1107,Carmella,Bentzen,20
1108,Melissia,Hacker,47
1109,Abdullah,Obleness,41
1110,Obie,Vasiliou,33
1111,Lisandro,Palasik,29
1112,Nakisha,Fieldstadt,32
1113,Cicero,Dinapoli,42
1114,Duard,Brozena,36
1115,Palma,Curll,26
1116,Ridge,Begnaud,23
1117,Danna,Eskaf,32
1118,Garret,Nedry,20
1119,Paris,Brugliera,33
1120,Newman,Jezek,39
1121,Keshawn,Blas,30
1122,Gale,Similton,21
1123,Norval,Spurling,42
1124,Blanche,Burnsed,48
1125,Mauricio,Ruffini,28
1126,Dwane,Imbier,40
1127,Lindsey,Sheman,27
1128,Luther,Petroff,41
1129,Nadia,Vales,26
1130,Macel,Trumbauer,49
1131,Brandon,Arnaud,25
1132,Rianna,Roberti,29
1133,Kolten,Brathwaite,41
1134,Mikaila,Campos,49
1135,Fred,Zincke,35
1136,Sheena,Bordin,32
1137,Daija,Rosazza,31
1138,Russ,Gieber,43
1139,Mathilda,Colvard,24
1140,Joshua,Giffith,43
1141,Yadiel,Soliman,37
1142,Almyra,Ahrens,26
1143,Ervin,Crombie,42
1144,Tevin,Tsang,28
1145,Branson,Frascella,37
1146,Ottilia,Gallamore,39
1147,Beula,Jaroski,42
1148,Duff,Menter,31
1149,Jory,Filipek,41
1150,Erna,McLafferty,40
1151,Alden,Petry,35
1152,Patience,Gilleland,38
1153,Katherin,Olheiser,37
1154,Lucian,Pendill,47
1155,Kelvin,Hougen,44
1156,Patsy,Burke,21
1157,Morgan,Bowerman,42
1158,Alice,Waletzko,34
1159,Carmen,Cossett,28
1160,Joey,Mastropietro,35
1161,Sampson,Gusman,22
1162,Francesco,Camano,36
1163,Goebel,Polintan,31
1164,Doug,Bernd,20
1165,Raynard,Glatzel,21
1166,Deonte,Mitchelle,41
1167,Kristian,Wiesehan,35
1168,Jackie,Estrem,36
1169,Milas,Pitsch,31
1170,Ines,Murray,29
1171,Eathel,Royston,22
1172,Jerod,McConaghy,27
1173,Ethel,Thaggard,25
1174,Jonas,Ashcraft,25
1175,Marie,McGannon,34
1176,Courtney,Syck,32
1177,Sharman,Toki,46
1178,Annie,McClearen,48
1179,Megan,Balcomb,21
1180,Virgie,Reier,24
1181,Bertrand,Coffman,35
1182,Juwan,Slowe,23
1183,Gladis,Maciasz,32
1184,Redden,Okoronkwo,49
1185,Sigurd,Catlow,27
1186,Merna,Fernstaedt,29
1187,Lisa,Mazzarino,36
1188,Jules,Kabala,33
1189,Zoey,Felan,47
1190,Caren,Heiro,37
1191,Mozelle,Crites,32
1192,Darcy,Farron,20
1193,Octa,Eckstrom,27
1194,Gussie,Us,39
1195,Jamiya,Bogart,32
1196,Latoyia,Skornik,26
1197,Sannie,Manygoats,43
1198,Arlene,Konyn,25
1199,Alijah,Foronda,34
1200,Moody,Crook,49
1201,Chester,Bertoni,34
1202,Thurman,Naumann,28
1203,Miley,Kihlstrom,41
1204,Vernon,McPheeters,45
1205,Mona,Pearce,28
1206,Woodrow,Moncier,32
1207,Leslee,Navarete,24
1208,Rose,Bushovisky,37
1209,Haley,Shipman,35
1210,Rheta,Severn,40
1211,Una,Raviscioni,45
1212,Deloris,Ilasin,37
1213,Messiah,Sehr,27
1214,Jettie,Korpi,45
1215,Willia,Trovato,45
1216,Amy,Rosseel,45
1217,Kaya,Spessard,22
1218,Tanika,Reposa,48
1219,Ethen,Osborne,22
1220,Mareli,Wootan,38
1221,Nikita,Tofte,40
1222,Lesia,Cridland,42
1223,Francisca,Chary,28
1224,Jacqueline,Cizek,28
1225,Dolphus,Lichorat,43
1226,Odell,Bachelder,26
1227,Douglas,Gaspari,42
1228,Tarah,Gomes,34
1229,Emery,Mathes,24
1230,Celestino,Tyrrell,35
1231,Chaney,Feiner,30
1232,Thor,Niedermeier,31
1233,Jax,Pahulu,20
1234,Nikki,Gaekle,29
1235,Trayvon,Antos,37
1236,Arley,Rheingold,36
1237,June,Pata,38
1238,Raymond,Hayashida,39
1239,Jana,Vanduyne,47
1240,Rudolf,Naugher,44
1241,Eve,Reeser,34
1242,Bartley,Conner,44
1243,Vida,Odmark,21
1244,Reid,Duerr,45
1245,Heyward,Leadley,32
1246,Janyce,Kamel,29
1247,Myranda,Tappeiner,28
1248,Giuseppe,Nordwall,34
1249,Tammy,Alliance,30
1250,Amina,Lose,29
1251,Alayna,Schonhardt,42
1252,Tia,Musse,26
1253,Jaylynn,Kolenda,24
1254,Pearline,Luick,31
1255,Geri,Leesman,39
1256,Mardell,Romeno,45
1257,Domenica,Thielges,44
1258,Gregoria,Seutter,23
1259,Essie,Clairmont,20
1260,Tremaine,Schiffler,40
1261,Cynthia,Moorhead,36
1262,Enola,Melandez,36
1263,Lorri,Scarver,21
1264,Park,Keuler,42
1265,Jamila,Kleypas,31
1266,Boris,Odess,31
1267,Docia,Heusley,34
1268,Daniel,Seider,47
1269,Cameron,Shaline,45
1270,Vlasta,Zellars,26
1271,Sanai,Mewbourn,49
1272,Alverda,Cossey,30
1273,Eppie,Dennie,41
1274,Leopoldo,McKennan,41
1275,Gust,Legrand,41
1276,Marlys,Oren,39
1277,Dylon,Laningham,27
1278,Verner,Belford,37
1279,Alexis,Katzner,33
1280,Durward,Toenges,38
1281,Greene,Hergenroeder,44
1282,Kyan,Karr,42
1283,Eric,Beckwith,27
1284,Odalis,Fracasso,30
1285,Elissa,Duffer,47
1286,Daryl,Marshal,43
1287,Alina,Knaebel,28
1288,Manie,Easter,49
1289,Arlie,Adamo,44
1290,Elvia,Berkheimer,35
1291,Tremaine,Lauffer,29
1292,Coty,Ncneal,20
1293,Junia,Marier,40
1294,Delle,Himanga,42
1295,Orra,Breer,20
1296,Maritza,Pettie,26
1297,Nicole,Defenbaugh,28
1298,Iva,Kapiloff,47
1299,Hilma,Saxon,44
1300,Carlo,Bachtel,41
1301,Debbra,Busser,28
1302,Maebell,Detommaso,34
1303,Tambra,Outhier,36
1304,Nestor,Gellinger,36
1305,Celie,Helfrey,36
1306,Aric,Gramza,31
1307,Alver,Palomaki,35
1308,Vernon,Camaeho,35
1309,Domenic,Raney,33
1310,Emiliano,Kennel,33
1311,Madisen,Nolette,20
1312,Adelle,Dorschner,48
1313,Dominik,Ottogary,46
1314,Kacy,Finni,32
1315,Anna,Tavera,28
1316,Carri,Carratala,39
1317,Maria,Ballek,25
1318,Charlotta,Wagley,20
1319,Shamika,Fenstermacher,41
1320,Alla,Yax,41
1321,Anjali,Klosowski,40
1322,Leland,Drollinger,37
1323,Della,Aamodt,47
1324,Madalyn,Dowker,35
1325,Hulda,Romanson,37
1326,Laraine,Corlee,45
1327,Kassandra,Poister,41
1328,Maxie,Wessell,20
1329,Allison,Gremler,45
1330,Perry,Rybowiak,38
1331,Karolyn,Feinberg,39
1332,Ashby,Guziec,48
1333,Hildegard,Bodle,36
1334,Crysta,Sampica,49
1335,Edna,Goral,25
1336,Kortney,Blalock,40
1337,Burnice,Marius,34
1338,Rodger,Wible,43
1339,Albertus,Hislip,47
1340,Montana,Myrie,23
1341,Kelvin,Bardoner,22
1342,Nash,Rodkey,33
1343,Ayaan,Bowersmith,32
1344,Scot,Feaganes,26
1345,Jaxson,Orochena,29
1346,Yaretzi,Rasnick,27
1347,Vergil,Kew,25
1348,Jules,Koszyk,26
1349,Budd,Bencomo,21
1350,Akira,Dallison,38
1351,Doretha,Dacpano,32
1352,Mabel,Nickenberry,46
1353,Kiel,Kasperek,45
1354,Allen,Lindeman,21
1355,Kyree,Wolfgram,45
1356,Elida,Delarosa,23
1357,Erika,Ocha,26
1358,Perley,Frese,30
1359,Yamilet,Ludewig,40
1360,Veda,Lunney,29
1361,Oswald,Amedeo,37
1362,Callie,Tower,41
1363,Doreen,Hronick,37
1364,Tyrin,Loh,37
1365,Dusty,Forsha,44
1366,Nealie,Tiffner,47
1367,Tyshawn,Deveney,35
1368,Arizona,Favazza,48
1369,Kash,Venere,31
1370,Irven,Scheibelhut,46
1371,Cherie,Sechrest,37
1372,Shay,Ibara,36
1373,Grafton,Carcamo,45
1374,Clevie,McDougald,47
1375,Delton,Lavan,46
1376,Abagail,Lizarraga,32
1377,Sherlyn,Schepper,44
1378,Regenia,Theodorov,23
1379,Antionette,Muckel,35
1380,Freddie,Mintey,46
1381,Manly,Kamensky,42
1382,Yadira,Wilcher,41
1383,Rae,Takiguchi,36
1384,Mekhi,Trosclair,24
1385,Hadassah,Thronson,39
1386,Mandie,Erdmun,48
1387,Tonya,Hawver,29
1388,Aaliyah,McKercher,38
1389,Marlen,Manzione,38
1390,Fronnie,Langman,36
1391,Jesse,Norrix,44
1392,Riya,Ginyard,26
1393,Commodore,Ranni,27
1394,Marlin,Lichlyter,32
1395,Verner,Boaldin,27
1396,Ilda,Staubin,37
1397,Kasey,Render,36
1398,Heather,Debord,48
1399,Aleena,Howser,24
1400,Jevon,Weisenborn,47
1401,Aracely,Wemhoff,32
1402,Mitchel,Hewins,37
1403,Myrtis,Webbink,33
1404,Ethyle,Naish,25
1405,Lambert,Koehly,38
1406,Tawana,Phuong,46
1407,Yair,Procaccino,26
1408,Isiah,Sherlin,29
1409,Lu,Maestri,23
1410,Leontine,Szymula,42
1411,Nicholaus,Schmied,44
1412,Gussie,Schaubhut,21
1413,Marie,Jude,33
1414,Tabitha,Sandberg,25
1415,Catina,Kinner,45
1416,Jordan,Cinnamond,39
1417,Merle,Veasey,39
1418,Valentina,Nieminen,33
1419,Orren,Knapp,41
1420,Paris,Czartoryski,32
1421,Shiloh,Cholakyan,30
1422,Vicki,Bentele,41
1423,Virgel,Crisson,34
1424,Lige,Waisner,31
1425,Josefa,Faulisi,37
1426,Murphy,Durough,20
1427,Treasure,Berthold,30
1428,Wilburn,McInnes,34
1429,Rennie,Esparsen,47
1430,Buena,Vongkhamchanh,23
1431,Kimberlie,Mirabelli,20
1432,Jammie,Tyron,39
1433,Earline,Riobe,25
1434,Izabelle,Layell,31
1435,Rosa,Rykowski,22
1436,Carroll,Rembert,39
1437,Garold,Givens,34
1438,Jalen,Stecklair,36
1439,Carmella,Cochrum,27
1440,Lanita,Grunwald,49
1441,Foy,McNiell,21
1442,Willard,Printz,30
1443,Rylan,Haydon,39
1444,Miley,Sehorn,43
1445,Claudie,Rucci,39
1446,Roena,Ritthaler,37
1447,Tanika,Weis,37
1448,Delton,Pullings,45
1449,Elta,Eberley,32
1450,Dorman,Farthing,25
1451,Leona,Gartenhaus,45
1452,Ole,Regelman,40
1453,Macel,Silker,39
1454,Elma,Thornburg,28
1455,Theta,Kaase,40
1456,Merrie,Matza,28
1457,Clarance,Spingola,20
1458,Shonda,Flewelling,24
1459,Janet,Fern,35
1460,Abagail,Canion,29
1461,Percival,Kinser,25
1462,Garth,Weiskopf,22
1463,Atha,Liebrecht,23
1464,Dennis,Nesti,44
1465,Taft,Tempel,21
1466,Millard,Boschee,26
1467,Isidore,Santoriella,49
1468,Dimple,Scavuzzo,47
1469,Alexus,Ofarrell,43
1470,Jarrett,Redondo,45
1471,Scott,Seebach,35
1472,Krystina,Chau,42
1473,Camron,Keefer,49
1474,Davey,Ahn,48
1475,Lenard,Roginson,21
1476,Johannah,Okitsu,39
1477,Shannan,Vandermark,28
1478,Arno,Weneck,37
1479,Izola,Myrman,41
1480,Ernest,Billo,30
1481,Marchello,Hender,40
1482,Raquan,Helo,29
1483,Alida,Netterville,47
1484,Sigrid,Cotner,43
1485,Fleming,Majeau,44
1486,Zander,Hielscher,47
1487,Elva,Nagarajan,42
1488,Walter,Badami,21
1489,Tyreese,Beardslee,47
1490,Arthur,Garter,23
1491,Maranda,Bobrowski,28
1492,Darryle,Scarpino,43
1493,Carlie,Ostermann,36
1494,Simpson,Porres,31
1495,Gilda,Paskin,32
1496,Antonia,Quist,43
1497,Richmond,Sukhram,26
1498,Dedric,Catacutan,23
1499,Ferrell,Divers,40
1500,Jazmyne,Naftzger,21
1501,Otto,Holda,36
1502,Jamya,Kostal,39
1503,Ronda,Telecky,34
1504,Benedict,Charland,31
1505,Kennith,Chimeno,35
1506,Maya,Patmon,30
1507,Jasmin,Calarco,48
1508,Wade,Arvan,38
1509,Rogers,Thivener,22
1510,Ammon,Deklerk,26
1511,Kaylynn,Tafuri,41
1512,Preston,Humphrys,45
1513,Candace,Hartsoe,42
1514,Effa,Dease,44
1515,Burney,Kreisman,43
1516,Osborn,Geroge,20
1517,Andra,Bravo,40
1518,Ariel,Eby,32
1519,Staci,Beagan,24
1520,Lonnie,Burts,43
1521,Johnny,Mahle,36
1522,Katherine,Kry,48
1523,Caylee,Thang,29
1524,Karsyn,Hohm,26
1525,Lea,Enge,23
1526,Ferman,Sakuma,22
1527,Claudette,Geis,32
1528,Essex,Moder,46
1529,Grisel,Iwashita,25
1530,Baby,Veeder,45
1531,Autry,Astolfi,43
1532,Giana,Rodregues,46
1533,Helma,Tevis,24
1534,Darrell,Streat,44
1535,Raiden,Eads,35
1536,Cheryll,Munn,24
1537,Kirk,Rayyan,27
1538,Vernon,Jorn,33
1539,Todd,Orozeo,37
1540,Thedore,Bilagody,21
1541,Lucretia,Chamblin,26
1542,Cain,Brengle,43
1543,Ruthe,Mallinson,23
1544,Sherwood,Torregrosa,20
1545,Brittaney,Holcombe,46
1546,Whitney,Tingen,40
1547,Hyman,Sixtos,48
1548,Deann,Szopinski,23
1549,Beulah,Kuhnle,27
1550,Joey,Omar,20
1551,Madison,Tuholski,27
1552,Lona,Harden,34
1553,Dollye,Datu,25
1554,Lashanda,Gruntz,23
1555,Lexie,Thorpe,41
1556,Blossom,Boaldin,23
1557,Etha,Len,26
1558,Birt,Leete,41
1559,Kenyatta,Rinaudo,33
1560,Paloma,Loera,45
1561,Doretta,Faulkenbury,33
1562,Sharday,Caputi,47
1563,Hartwell,Gandarilla,32
1564,Isaiah,Hartzell,35
1565,Shiloh,Marshalek,46
1566,Daisy,Dukeman,21
1567,Bree,Friehauf,45
1568,Benji,Delco,47
1569,Hilary,Batliner,29
1570,Lena,Kamerer,42
1571,Ashli,Baer,24
1572,Zain,Gilster,49
1573,Coen,Reifsteck,43
1574,Letha,Osollo,31
1575,Hessie,Handeland,47
1576,Ardell,Whiles,41
1577,Lillie,Capehart,26
1578,Lynn,Sakakeeny,40
1579,Kory,Apgar,39
1580,Chrystal,Reprogle,21
1581,Hughie,Montaya,28
1582,Adrain,Margerum,43
1583,Carly,Bellar,26
1584,Jaleesa,Search,46
1585,Lige,Mantifel,38
1586,Ephraim,Pelham,43
1587,Keanu,Kushiner,32
1588,Sharonda,Schunter,49
1589,Courtland,Weigleb,49
1590,Leoma,Sulloway,26
1591,Donte,Gaut,27
1592,Gwendolyn,Plageman,45
1593,Pernell,Nellums,24
1594,Oswaldo,Kennebeck,42
1595,Brian,Venzke,29
1596,Lera,Buffone,30
1597,Harvy,Fantozzi,26
1598,Dondre,Ducrepin,24
1599,Makayla,Pribbenow,40
1600,Anastacio,Calvino,22
1601,Frona,Pahls,41
1602,Elwood,Edde,35
1603,Susan,Johannsen,41
1604,Shirlee,Ota,20
1605,Carolina,Beja,28
1606,Koby,Grundmeier,20
1607,Garold,Wieben,49
1608,Buell,Shotton,31
1609,Ian,Philippon,44
1610,Nelson,Kelstrom,20
1611,Neoma,McMahen,38
1612,Nikko,Yoo,45
1613,Mikeal,Lapsley,47
1614,Olive,Milian,28
1615,Lovell,Berrier,39
1616,Chauncy,Lelis,38
1617,Delano,Hinz,25
1618,Ingrid,Spada,49
1619,Corda,Hagle,35
1620,Clarabelle,Matias,31
1621,Devon,Arildsen,49
1622,Pearlene,Lillo,35
1623,Latrell,Halajian,45
1624,Junie,Krips,22
1625,Obie,Currey,42
1626,Darry,Phanthavongsa,40
1627,Madalyn,Galyean,40
1628,Alysia,Hemstreet,24
1629,Finis,Muskett,30
1630,Clarnce,Stream,47
1631,Louisiana,Schultheis,46
1632,Jermaine,Lambermont,42
1633,Dominga,Theilen,41
1634,Hessie,Norbeck,23
1635,Abigayle,Sirin,21
1636,Lorie,Sitz,31
1637,Ozzie,Albarazi,21
1638,Cecily,Eichberger,41
1639,Jair,Bron,43
1640,Simeon,Sachleben,46
1641,Alfie,Louch,48
1642,Giancarlo,Porte,34
1643,Clemente,Dooling,33
1644,Alycia,Xaimoungkhoun,37
1645,Bobbi,Korab,23
1646,Kurtis,Duryea,40
1647,Edgar,Hardnette,46
1648,Caleb,Eth,30
1649,Kristy,Belback,21
1650,Caroline,Bahadue,22
1651,Lesta,Loar,45
1652,Tari,Clemmer,29
1653,Josefita,Graves,31
1654,Cathy,Huffstutler,29
1655,Jamaal,Swearingen,48
1656,Warren,McCartan,28
1657,Nealie,Waggett,27
1658,Bennett,Fasheh,26
1659,Hillary,Pono,38
1660,Hershel,Bordges,40
1661,Violetta,Gizzo,29
1662,Rich,Joshi,48
1663,Banks,McCrae,48
1664,Sydni,Neiswoger,47
1665,Kittie,Cychosz,43
1666,Jamie,Marine,43
1667,Ian,Chaffey,37
1668,Cephus,Janosik,39
1669,Judy,Pitts,21
1670,Katina,Siedner,20
1671,Chyna,Dowdy,39
1672,Clarissa,Quinlin,47
1673,Keifer,Morgans,38
1674,Lilliana,Wayson,22
1675,Daryle,Santaloci,24
1676,Leo,Battie,42
1677,Fidencio,Hardney,36
1678,Demond,Gambardella,30
1679,Adelyn,Goldthorpe,46
1680,Eula,Brinsfield,48
1681,Tonda,Amo,23
1682,Bonita,Ramnauth,39
1683,Justin,Wisman,26
1685,Shaina,Barmore,28
1686,Armani,Drumheller,42
1687,Lilyana,Brackeen,38
1688,Keith,Creek,20
1689,Hazelle,Sides,36
1690,Khalil,Knole,35
1691,Vella,Grizzle,39
1692,Adyson,Reinoehl,42
1693,Bert,Trapper,28
1694,Chaz,Wernex,36
1695,Paul,Llorca,31
1696,Rollo,Degele,26
1697,Shelvia,Vik,39
1698,Yolanda,Lentsch,20
1699,Ema,McClammy,20
1700,Cullen,Ransburg,49
1701,Faye,Keigley,30
1702,Oney,Herek,46
1703,Garrett,Bennafield,46
1704,Terance,Rang,36
1705,Johnny,Buechner,32
1706,Mills,Farraj,42
1707,Amparo,Sulley,34
1708,Jemima,Barsoum,35
1709,Vira,Paulseth,46
1710,Shantel,Cother,49
1711,Affie,Hoston,49
1712,Zachery,Hannagan,44
1713,Otelia,Brixner,31
1714,Saige,Vancleaf,39
1715,Esperanza,Auguste,38
1716,Candace,Brezinka,43
1717,Joaquin,Ravelo,27
1718,Deforest,Simenez,31
1719,Yaakov,Sinegal,24
1720,Ellen,Skagen,31
1721,Sandy,Colclasure,44
1722,Rosy,Cookingham,32
1723,Shaquan,Tenner,26
1724,Vollie,Jenderer,22
1725,Christi,Blaydes,23
1726,Barbie,Zissler,45
1727,Skylar,View,48
1728,Eloise,Habel,38
1729,Benjamen,Laufenberg,23
1730,Ashton,Honeycott,29
1731,Bessie,Binnie,45
1732,Keara,Czarkowski,42
1733,Cathie,Boughamer,48
1734,Henretta,Bossler,29
1735,Gaylon,Deltora,30
1736,Maymie,Nikula,39
1737,Charla,Kobrin,27
1738,Columbus,Neary,20
1739,Maryjane,Fischetti,35
1740,Pat,Caleb,28
1741,Beaulah,Robards,34
1742,Keegan,Aumich,28
1743,Dola,Henken,43
1744,Ava,Tinoco,39
1745,Elvera,Angelson,23
1746,Rosario,Nyswonger,24
1747,Charlotta,Pease,40
1748,Masako,Whiley,34
1749,Michele,Beetley,32
1750,Marilyn,Viebrock,22
1751,Juluis,Hoskie,32
1752,Garnett,Cumbie,47
1753,Maymie,Bue,36
1754,Lonie,Ciesluk,40
1755,Benton,Embs,38
1756,Ellen,Georgales,38
1757,Dianna,Kulkarni,22
1758,Almeda,Ciaburri,42
1759,Tollie,Konen,22
1760,Evette,Kuza,45
1761,Nim,Sella,25
1762,Werner,Miscione,20
1763,Hugo,Fullwiler,33
1764,Lucio,Galarneau,33
1765,Lillard,Edgeman,26
1766,Lauren,Arlen,44
1767,Treasure,Catanzaro,42
1768,Diallo,Tille,45
1769,Jess,Birney,27
1770,Alcie,Woeppel,24
1771,Dillion,Solla,37
1772,Maryann,Michlin,30
1773,Kenyatta,Depriest,26
1774,Tyson,Simmens,30
1775,Trudy,Arnet,45
1776,Keshia,Huseman,38
1777,Antonia,Dechico,40
1778,Deontae,Cheatem,29
1779,Donna,Stobie,48
1780,Killian,Herry,42
1781,Janiah,Rappleye,22
1782,Rosemary,Singeltary,33
1783,Eliseo,Eley,46
1784,Clyde,Corbit,31
1785,Norita,Maia,37
1786,Edna,Oelschlager,29
1787,Vickey,Ikemoto,35
1788,Offie,Kimbell,36
1789,Shawn,Chiesa,29
1790,Delma,Cenci,22
1791,Lea,Roney,31
1792,Vander,Burns,28
1793,Keira,Otten,38
1794,Kaelyn,Perrien,38
1795,Abbigail,McEniry,33
1796,Coleen,Saraceno,30
1797,Hosie,Reim,38
1798,Daniella,Blacksmith,34
1799,Vivien,Susi,27
1800,Kathyrn,Molsan,43
1801,Veta,Scheaffer,46
1802,Shanelle,Whitinger,44
1803,Elsie,Lantey,34
1804,Jamar,Blomquist,31
1805,Raven,Patete,28
1806,Catina,Kinsland,25
1807,Demetri,Albergotti,27
1808,Jennette,Sempek,42
1809,Julian,Blacknall,41
1810,Ronnie,Shuck,26
1811,Owen,Lotta,45
1812,Nikia,Josephs,25
1813,Courtney,Hasychak,25
1814,Domenic,Bitsuie,37
1815,Angele,Sellars,27
1816,Elvia,Musick,24
1817,Yamilex,Freiberg,37
1818,Margo,Wehling,43
1819,Hoy,Chemin,48
1820,Galilea,Batara,48
1821,Kimberly,Burnstein,43
1822,Elwood,Colucci,38
1823,Gerald,Shoenberger,47
1824,Toivo,Gensel,25
1825,Tempie,Layne,30
1826,Kobe,Russer,41
1827,Nikhil,Byther,25
1828,Tatsuo,Strazza,44
1829,Joesph,Morawa,30
1830,Dona,Brumitt,28
1831,Jadiel,Malhotra,38
1832,Argie,Redmann,20
1833,Hobert,Jeannoel,36
1834,Nunzio,Oltrogge,24
1835,Archibald,Testen,40
1836,Jarrett,Camilleri,32
1837,Sanjuana,Kecker,38
1838,Judah,Zmek,24
1839,Kallie,Nevill,33
1840,Bayard,Lameda,37
1841,Trisha,Rosenstock,42
1842,Sigmund,Drayer,28
1843,Sandy,Swendsen,20
1844,Irene,Dore,24
1845,Neta,Kvek,24
1846,Luana,Lopas,30
1847,Aleah,Wischmeier,40
1848,Twila,Brachle,30
1849,Cloyd,Kmatz,20
1850,Margret,Birdtail,29
1851,Krystal,Tamulis,21
1852,Moriah,Banahan,46
1853,Michael,Stolz,27
1854,Duff,McCollins,31
1855,Collins,Holyfield,40
1856,Javion,Goeke,36
1857,Walker,Hogans,21
1858,Barnard,Frier,34
1859,Gregory,Himber,32
1860,Olene,Solinski,43
1861,Wade,Mortensen,24
1862,Reginal,Bairam,49
1863,Joycelyn,Retzler,35
1864,Perri,Knole,36
1865,Erle,Gehlbach,39
1866,Bryan,Gittinger,29
1867,Latricia,Dechico,44
1868,Bertram,Horger,22
1869,Imogene,Tupick,45
1870,Katharina,Jerding,30
1871,Monika,Drafton,33
1872,Abdullah,Alambar,26
1873,Anastasia,Dupler,47
1874,Green,Martindale,41
1875,Ivy,Tilus,29
1876,Jacob,Kulish,28
1877,Ingeborg,Copple,46
1878,Glenwood,Blatherwick,24
1879,Casimiro,Ayalla,49
1880,Pattie,Hollie,49
1881,Craig,Petroski,46
1882,Kadence,Calisto,28
1883,Stetson,Waymer,28
1884,Keanu,Oehm,33
1885,Adda,Phi,41
1886,Brionna,Balaz,39
1887,Shanna,Okwuona,30
1888,Marlyn,Brackenbury,45
1889,Dax,Sabota,21
1890,Nels,Hounshell,41
1891,Ancil,Dee,47
1892,Katy,Gosewisch,21
1893,Dawson,Pae,30
1894,Merle,Hellard,44
1895,Alonzo,Whitteker,22
1896,Raul,Bacman,38
1897,Shannen,Dellapenna,47
1898,Dorotha,Dezern,33
1899,Argie,Skog,26
1900,Lucio,Szabo,45
1901,Seneca,Humetewa,28
1902,Brigitte,Waeyaert,38
1903,Robbin,Poort,26
1904,Eda,Pennisi,35
1905,Glennie,Perris,24
1906,Rosina,Comoletti,49
1907,Jodi,Schlemmer,29
1908,Hampton,Kazabi,41
1909,Brain,Trompeter,28
1910,Marlyn,Granahan,36
1911,Dominque,Barg,38
1926,Tonja,Knost,30
1932,Gladis,Merling,42
1939,Tahj,Ovall,26
1945,Cherilyn,Schwartze,27
1951,Elmore,Orzel,45
1955,Anders,Concho,36
1972,Prosper,Mokiao,23
1973,Kathryne,Hards,38
1976,Orla,Ziesmer,29
1991,Venus,Zahler,36
1995,Nicolette,Stodola,47
1998,Gray,Zickuhr,21
2001,Lorenza,Menze,44
2004,Alysa,Constant,20
2007,Veda,Kustra,40
2009,Dejah,Mayberry,34
2018,Fred,Ennels,32
2024,Kaiya,Robicheau,29
2027,Patricia,Beechum,29
2032,Lurana,Kumar,25
2038,Nikhil,Martorelli,40
2039,Lurena,Hobel,33
2042,Beverly,Harnett,23
2054,Florian,Matta,44
2068,Chastity,Lamparski,26
2071,Oliva,Gottke,44
2072,Jaret,Wedding,37
2081,Opha,Hamn,25
2102,Karyme,Mayo,22
2111,Loyal,Veren,21
2116,Hubbard,Gotto,36
2117,Arley,Stjuste,46
2127,Almus,Kocsis,47
2128,Chas,Cowen,47
2133,Jamie,Mogannam,22
2135,Sim,Zam,24
2138,Gerhard,Orlof,33
2143,Sal,Stagman,47
2153,Leesa,Tippit,31
2157,Laci,Dragg,32
2171,Baker,Kolman,45
2174,Dax,Revels,27
2180,Kenzie,Kirst,40
2183,Fredy,Klabunde,27
2187,Taliyah,Parsh,36
2189,Caprice,Zaxas,42
2199,Noemi,Abeyta,34
2203,Blake,Dagel,28
2223,Tobi,Debouse,26
2224,Pink,Rast,24
2225,Julien,McNamee,49
2247,Leanne,Wuensche,24
2250,Josie,Pak,28
2254,Trystan,Boutchyard,25
2264,Falon,Tassin,30
2267,Pam,Apling,23
2268,Arther,Garlick,45
2279,Demond,Maree,31
2283,Eris,Adcox,49
2284,Ayana,Kanwar,22
2289,Thurston,Braucht,27
2292,Mossie,Herrea,25
2302,Moesha,Dua,31
2319,Dorthy,Shoults,45
2327,Carrol,Pultorak,48
2336,Trinity,Stucker,42
2337,Katelyn,Standors,38
2364,Vallie,Onishea,28
2378,Wilhelmina,Guldin,40
2384,Kelly,Napierala,32
2398,Gussie,Hicks,24
2417,Azalee,Vergara,24
2436,Gunner,Bennerson,39
2445,Kendal,Dumoulin,24
2447,Bobbi,Matheu,30
2451,Virdie,Geraldo,23
2458,Rolla,Kohnke,43
2459,Clemence,Rear,32
2461,Merrill,Werry,25
2463,Erlene,Gushee,28
2471,Ellamae,Bjella,45
2472,Lesley,Danekas,47
2475,Doyle,Pilgreen,44
2491,Oliva,Larmett,40
2494,Linn,Farmar,37
2498,Kendal,Godlewski,23
2502,Tanner,Geimer,20
2508,Alyvia,Amous,37
2510,Ann,Langowski,21
2511,Rella,Salgado,45
2529,Santos,Lampson,36
2533,Liberty,Ayscue,27
2538,Lott,Gulnick,38
2543,Chris,Battino,39
2547,Tennille,Azua,26
2571,Bama,Kendrew,43
2583,Stephania,Prunier,20
2589,Lonnie,Adolphe,47
2598,Bryan,Algarin,44
2617,Vassie,Baze,35
2629,Josephus,Peguese,28
2635,Roberta,Trego,26
2636,Destiney,Lostroh,30
2640,Aileen,Morgan,38
2643,Delvin,Aguillon,45
2647,Christopher,Leech,26
2649,Esmeralda,Telchik,35
2653,Kody,Tamura,22
2660,Agustin,Keener,48
2704,Helaine,Pegoda,35
2740,Christal,Candela,48
427,Mima,Ruffins,47
464,Clem,Moosman,45
549,Severo,Jurik,42
351,Romello,Sandmann,46
364,Enrique,Croak,31
393,Glenwood,Threadgill,45
399,Cortney,Oreskovich,29
441,Coolidge,Peveler,21
476,Rory,Lembo,46
501,Annis,Collelo,35
564,Perry,Winterstein,33
349,Brian,Brescia,40
350,Cordero,Garnette,35
352,Rance,Heumann,40
354,Domingo,Schoelman,43
355,Ozzie,Hastin,44
356,Theadore,Stowers,34
357,Derrell,Waiau,42
358,Verl,Brafman,31
359,Bernetta,Bracco,29
360,Kia,Ezer,32
361,Kian,Gonzalos,28
362,Cheyenne,Edmonds,42
365,Amparo,Broadstone,24
367,Courtney,Sephton,42
368,Franklin,McKinley,26
369,Maebelle,Persky,21
370,Cody,Hain,35
371,Hurbert,Gahring,47
372,Gerhard,Bibler,24
373,Kay,Valvano,41
374,Cleva,Beams,39
375,Easton,Arjes,39
377,Ewell,Interdonato,45
378,Crete,Kanode,43
379,Keenen,Louch,36
380,Laron,Earthman,28
381,Emory,Maretti,31
382,Nita,Manship,46
383,Miner,Acocella,21
384,Fonda,Souvannavong,30
385,Carmel,Blum,33
386,Winnie,Machover,43
387,Denese,Grof,27
388,Izola,Dudek,39
390,Latrice,Toppah,42
391,Treasure,Herta,34
392,North,Goya,33
394,Marcia,Holdridge,20
395,Talan,Ashaf,28
396,Virginia,Harmeson,39
397,Leandro,Palys,29
398,Ella,Rovella,42
400,Nadia,Ballreich,23
401,Alonso,Snorton,35
402,Chloe,Friends,23
403,Hartwell,Fenti,26
404,Darryn,Wanzer,29
405,Cal,Warsham,43
406,Janene,Ismay,24
407,Jonna,Marotz,22
408,Ira,Kaesemeyer,26
409,Aubrie,Macek,34
410,Herlinda,Alkins,49
411,Halbert,Bunzey,45
412,Hildred,Grief,20
413,Averie,Gills,42
415,Shaquita,Quraishi,45
416,Besse,Sappington,47
417,Charlize,Ridgebear,42
418,Kisha,Taves,33
419,Susie,Lisherness,47
421,Wilhelmine,Ohmit,29
422,Lauretta,Harkcom,32
423,Esta,Rummer,45
424,Rafaela,Stenbeck,45
425,Alpha,Balloon,37
426,Betsy,Hayslip,39
429,Hilario,Centorino,49
430,Raoul,Szatkowski,25
431,Porter,Palamara,35
432,Precious,Popple,40
433,Leonia,Burghard,31
434,Felix,Ladell,43
435,London,Cyran,31
436,Emilie,Lanzalotti,29
437,Rillie,Tinnel,31
438,Wm,Torrens,20
439,Lucius,Beckes,25
440,Kenji,Fiaschetti,24
442,Lexie,Potanovic,47
443,Kristen,Horabik,44
444,Ashlie,Branchaud,22
445,Kenley,Ilg,22
446,Bethann,Susman,49
447,Wilmer,Maclachlan,40
448,Clare,Minge,37
449,Lewis,Lindmeyer,31
450,Dakota,Frauenkron,30
451,Charle,Ikeard,29
452,Yair,Halbritter,34
453,Kennard,Witthuhn,46
454,Theresa,Kelln,25
455,Josef,Zinner,49
456,Nancy,Zamborsky,44
457,Henretta,Dvorak,32
458,Clevie,Arrants,42
459,Letitia,Englar,38
460,Dwyane,Diotte,48
461,Bradly,Haak,43
462,Tanisha,Turberville,26
463,Dylan,Beaver,27
465,Hardy,Nishihara,34
466,Lorena,Messano,49
467,Elgie,Cully,49
468,Shena,Granado,35
469,Mariana,Pyrdum,22
470,Kerry,Kavanagh,32
471,Ethelene,Nicklaw,32
472,Bennie,Yorkey,44
473,Rolland,Alvarenga,45
474,Charlee,Darosa,21
477,Clarence,Buchinsky,45
478,Verlyn,Stakley,45
479,Albertus,Blanchette,37
480,Vinton,Salazan,28
481,Kate,Raquel,27
482,Katelynn,Villarreal,27
485,Adonis,Rabner,32
486,Karen,Rigler,31
487,Ambrose,Shankles,38
488,Margaretha,Tobacco,38
489,Samuel,Drolet,36
490,Willaim,Syverson,37
491,Janeen,Degrasse,26
492,Alberta,Aemmer,47
493,Aidan,Fellenz,25
494,Sherie,Munkberg,27
495,Hanson,Privatsky,44
496,Jordi,Schieler,27
497,Lamont,Heggan,35
498,Baron,Galacio,48
499,Oscar,Hurne,24
500,Merlene,McClaugherty,22
502,Maury,Latulipe,47
503,Samatha,Fratrick,35
504,Melissia,Calabrese,25
505,Irwin,Bobak,23
506,Mora,Jesseman,39
507,Halley,Sleeth,31
508,Shanequa,Hodak,34
509,Echo,Soltes,38
510,Jayvion,Kociolek,24
511,Durwood,Tarabokija,30
512,Myrle,Engesser,29
513,Cephus,Papazian,31
514,Thos,Cardin,22
515,Londyn,Aronstein,44
516,Signa,Sengbusch,38
518,Ciarra,Huseman,28
519,Madlyn,Walczynski,47
520,Kane,Dinan,41
521,Doris,Christman,49
522,Kristopher,Okeeffe,32
523,Estefani,Bild,24
524,Viola,Jeffress,42
525,Fitzgerald,Frago,49
527,Ervin,Jone,46
528,Regenia,Boutot,22
529,Rex,Maita,30
530,Adelard,Prem,35
531,Portia,Aveline,32
532,Donald,Wingett,30
533,Kenton,Protzman,37
534,Efren,Thibert,26
535,Sandra,Sablone,21
536,Sampson,Knickrehm,27
537,Sibyl,Cheevers,33
539,Greg,Dewaele,39
540,Ben,Betenson,33
541,Jeffrey,Schwindt,38
542,Joann,Lebon,20
543,Daryn,Platenburg,32
544,Lannie,Yamanaka,23
545,Reatha,Gulbransen,25
546,Lavonia,Sandmeier,48
547,Darwyn,Willinsky,23
548,Delila,Batiz,30
550,Volney,Simplot,37
551,Kathie,Brodersen,29
552,Bilal,Hodgson,43
553,Wilfrid,Drozdowski,30
554,Jessy,Supple,36
555,Jennette,Phuaphes,37
556,Melvin,Marmolejo,23
557,Julian,McCary,23
558,Girtha,Grates,48
559,Felipe,Gwirtz,28
560,Parker,Chauvaux,21
561,Lollie,Hemler,46
562,Consuela,Donnel,46
565,Shae,Schwendeman,43
567,Carla,Rasco,28
568,Maricela,Ficarra,38
569,Clara,Karcher,28
570,Pattie,Abboud,43
571,Stonewall,Warkentin,25
572,Knox,Stachurski,43
591,Altie,Venegas,49
656,Amanda,Gerty,38
669,Tonia,Frescas,42
604,Joy,Mantele,45
645,Sterling,Maceda,46
646,Zena,Erixon,24
666,Eugenio,Corpus,46
683,Stephanie,Dumler,46
587,Archibald,Anzaldo,33
590,Rosendo,Wagnon,48
614,Shantell,Pandolfo,20
634,Sydnie,Wetz,33
680,Vernon,Hissem,21
586,Doretha,Eckols,26
610,Joann,Rubendall,29
652,Valentino,Brome,31
673,Sabrina,Groote,21
676,Mima,Thoms,45
620,Tatsuo,Franpton,40
574,Skylar,Sen,37
630,Cecelia,Demme,41
678,Harley,Scaiano,33
593,Darleen,Reinartz,30
609,Kati,Sottile,28
573,Hunter,Marrin,35
575,Tahj,Tacneau,49
576,Yoselin,Fryar,23
577,Roberto,Stipe,27
578,Chris,Debarge,22
579,Cierra,Westerlund,21
581,Orville,Augspurger,43
582,Rosita,Wiggins,44
583,Herb,Pittsinger,46
584,Wilbur,Lowther,35
585,Gabriel,Otiz,30
588,Brittnie,Stallones,45
589,Irvin,Garcilazo,28
592,Hazen,Bessone,36
594,Chin,Hickinbotham,32
595,Nery,Strahan,30
597,Plummer,Dwornik,48
598,Kenia,Zelinski,42
599,Caron,Salehi,30
600,Stefan,Nuce,48
602,Taylor,Jumonville,33
603,Savanna,Bartlow,22
605,Almond,Buckwalter,45
607,George,Birkhead,30
608,Barb,Herdes,39
611,Merrily,Pavletic,23
612,Alvy,Didomizio,28
613,Ephriam,Fleniken,44
615,Frances,Prince,24
616,Hosie,Parenti,30
617,Loni,Brokins,43
618,Andrew,Shaulis,33
619,Sade,Kuns,24
621,Clemie,Riveras,33
622,Manuelita,Tunnicliff,22
623,Gena,Motten,31
624,Tavion,Kamman,49
625,Keagan,Hoinacki,43
626,Jayson,Hodgson,21
627,Alby,Bottorff,20
628,Rollin,Camerena,28
631,Denny,Hird,33
632,Garner,Algee,46
633,Selena,Swartzendrube,49
635,Farah,Meharg,20
636,Lelar,Prence,30
638,Katharyn,Trebil,25
639,Logan,Eighmy,23
640,Manning,Fugah,29
642,Lulie,Feduniewicz,46
643,Lahoma,Bernard,45
644,Cherie,Ruchti,22
647,Noelia,Toepperwein,49
648,Watson,Mayberry,32
650,Felicity,Ynocencio,25
653,Gardner,Tewani,35
654,Jacquline,Heggan,36
655,Eddie,Duntz,23
657,Girtha,Umbel,36
658,Eddie,Deis,45
659,Loney,Delker,28
660,Felipe,Dieudonne,44
661,Lorrayne,Luxenberg,45
662,Louis,Germano,26
663,Madelene,Isaman,48
664,Alisson,Vascocu,47
665,Alysia,Masaitis,29
667,Derik,Asken,37
668,Anner,Taranto,44
670,Cynthia,Harne,39
671,Marley,Raja,20
672,Elliott,Burdine,32
674,Camisha,Leggs,39
675,Les,Claycomb,31
677,Gil,Castanio,26
679,Ken,Neuhart,26
681,Rex,Weatherall,33
682,Marlyn,Cromer,37
684,Myrle,Bankowski,46
685,Watt,Gomey,31
1967,Levern,Cranker,22
3437,Hortencia,Phimsoutham,45
3454,Claudius,Hyre,24
3487,Joi,Slain,39
3723,Adel,Winikoff,48
3861,Arizona,Skovira,28
3961,Herb,Kassab,48
3980,Devan,Penegar,49
3989,Emilee,Makela,34
4011,Vonnie,Frend,47
4031,Alecia,Vecchio,30
686,Floy,Maceachern,31
687,Bunk,Vbiles,42
688,Lanette,Hernadez,37
689,Coty,Boege,40
690,Pratt,Nisley,22
691,Estel,Buchann,35
692,Verl,Calvillo,43
693,Felipa,Chatham,31
694,Olive,Catoire,25
695,Cassandra,Macreno,48
696,Colt,Hemric,46
697,Sunny,Wentworth,34
698,Cherilyn,Loughnane,31
699,Mackenzie,Welti,22
700,Marcelo,Rodarmel,31
701,Mia,Birky,38
702,Chadd,Boyson,30
703,Drema,Bambino,22
704,Rhys,Steigman,31
705,Whitney,Wishart,28
706,Aron,Arra,47
707,Rheta,Molinini,39
708,Aisha,Levine,44
709,Cathey,Plavnik,41
710,Almira,Closson,40
711,Hetty,Ramsahai,37
712,Colbert,Bahar,20
713,Marietta,Ahal,47
714,Hank,Cobane,41
715,Porfirio,Borseth,27
716,Deonte,Cunanan,37
717,Nels,Geraghty,44
718,Elvera,Shuker,40
719,Drema,Caselton,45
720,Katlyn,Souto,26
721,Theo,Veleta,47
722,Anders,Wacyk,24
723,North,Eugene,37
724,Shaylee,Finucane,41
725,Augustine,Krey,47
726,Jasper,Caryk,24
727,Opal,Fragnoli,46
728,Mel,Deihl,33
729,Doretta,Krein,42
730,Carma,Dorcent,38
731,Nikolas,Therurer,20
732,Omari,Stakley,43
733,Hildur,Lindorf,47
734,Maude,Chenoweth,28
735,Allene,Szitar,40
736,Zillah,Galicia,23
737,Jaslyn,McCleave,46
738,Arah,Gildemeister,45
739,Matilde,McDill,25
740,Daren,Proto,31
741,Trevon,Wiedemann,42
742,Marvel,Bormet,27
743,Claudius,Coore,45
744,Alida,Simonsen,26
745,Jasper,Scarset,32
746,Ilo,Punja,24
747,Leann,Machtley,49
748,Graves,Renzo,44
749,Jaylene,Manylath,23
750,Erland,Kreig,41
751,Teena,Benzschawel,29
752,Hebert,Lenberg,43
753,Shenna,Pizzella,49
754,Elmira,Currence,43
755,Alfred,Debroux,27
756,Arne,Aboulahoud,26
757,Tallie,Wener,36
758,Franklyn,Touchet,31
759,Jimmie,Gutterrez,32
760,Oney,Kibbee,36
761,Marisela,Gilger,33
762,Amie,Rollf,47
763,Ellar,Gransky,34
764,Jovani,Palacios,39
765,Delma,Sininger,45
766,Brittany,Forkan,36
767,Dillion,Roose,30
768,Desiree,Desper,24
769,Linwood,Lagerstrom,38
770,Chantel,Valentyn,27
771,Deann,Barraza,30
772,Danny,Lovinggood,32
773,Che,Allocco,22
774,Ivey,Lavertue,33
775,Fredericka,Jennrich,45
776,Kendrick,Plungy,45
777,Schuyler,Kumfer,28
778,Angelia,Ruvolo,41
779,Humphrey,Montjoy,26
780,Britney,Prothro,34
781,Abigail,Hovi,47
782,Casimiro,Hinckson,27
783,Keanna,Goodger,35
784,Melodee,Kander,46
785,Karson,Fon,42
786,Taylor,Aughenbaugh,30
787,Kevon,Layher,49
788,Dionicio,Beverage,26
789,Emiliano,Spickard,36
790,Lurana,Krausz,44
791,Taurus,Lions,25
792,Inger,Wease,31
793,Ebenezer,Ali,25
794,Katie,Bothof,39
795,Jailene,Nevarrez,25
796,Jocelyne,Budin,47
797,Haven,Dufner,44
798,Wilburn,Gartz,33
799,Amberly,Donkin,37
800,Georgine,Ludvigson,24
801,Dorsey,Drop,49
802,Gloria,Scheuers,30
803,Garner,Simi,33
804,Joy,Fess,25
805,Cedric,Augustson,39
806,Jillian,Ghia,29
807,Gustavus,Sampilo,31
808,Marlin,Brosey,26
809,Savana,Kwong,28
810,Jamar,Guard,29
811,Kendal,Hartong,36
812,Prentice,Danison,35
813,Elgin,Coultrap,28
814,Versie,Habenicht,26
815,Missie,Pellowski,30
816,Anner,Grewe,31
817,Mell,Vandertuig,39
818,Wilber,Capek,46
819,Dian,Ronson,25
820,Tinie,Barretto,35
821,Brianda,Terinoni,41
822,Laurel,Vind,22
823,Amado,Blalock,34
824,Izabella,Bushard,31
825,Ellyn,Finney,27
826,Latonia,Marolf,48
827,Jeremy,Magliocca,31
828,Mannie,Zdanowicz,37
829,Kathleen,Kaupp,48
830,Cena,Brummond,41
831,Yahir,Hoscheid,21
832,Jessye,Dakins,25
833,Moriah,Huffman,40
834,Kristoffer,Lochte,34
835,Dick,Fenger,35
836,Kayley,Kornbau,33
837,Beyonce,Tardugno,29
838,Noel,Truesdale,49
839,Vincenza,Kehres,44
840,Antonette,Lashbaugh,34
841,Lovett,Brotman,29
842,Arjun,Narine,39
843,Selah,Woofter,34
844,Mitzi,Lamphiear,24
845,Bode,Mapps,39
846,Keli,Salce,43
847,Noreta,Heitmeyer,33
848,Doshie,Pollom,28
849,Vinie,Sakamoto,35
850,Clayton,Diltz,36
851,Hester,Modgling,47
852,Leda,Branden,29
853,Lollie,Succar,49
854,Diane,Vogler,38
855,Juston,Izsak,38
856,Annabel,Ballas,27
890,Encarnacion,Slavin,40
857,Barbie,Zapatero,36
858,Fitzhugh,Alesci,49
859,Rihanna,Wiegand,43
860,Sanaa,Douillet,40
861,Pauline,McNutt,25
862,Clemma,Tollner,47
863,Richelle,Detzler,26
864,Blake,Peeden,43
865,Regena,Zeeb,32
866,Marquis,Ripple,42
867,Gorge,Furstenberg,21
868,Shaun,Tave,25
869,Ressie,Althouse,21
870,Suzanna,Hunsicker,37
871,Gianna,Bookman,29
872,Vern,Depippo,37
873,Corrine,McLead,36
874,Orrie,Pillo,48
875,Sierra,Hillier,43
876,June,Prauner,28
877,Durwood,Maciejko,34
878,Estill,Benard,43
879,Ronda,Bowdon,23
880,Luther,Schutzenhofer,35
881,Golden,Goodman,45
882,Paul,Mauseth,35
883,Betsey,Spaid,30
884,Dashawn,Beadle,27
885,Eliezer,Erholm,36
886,Fred,Virgadamo,34
887,Alphons,Chudzik,37
888,Xander,Malocha,26
889,Jacquez,Comley,42
891,Cole,Mescher,33
892,Elgie,Imlay,48
893,Etter,Ancira,44
894,Jalynn,Witkop,28
895,Shamar,Osentowski,30
3456,Cory,Hagert,28
3495,Jefferey,Sveen,46
3586,Kwame,Bondanza,45
3621,Jamar,Fernstaedt,38
3626,Reece,McCosh,27
3797,Ericka,Herley,39
3501,Fidel,Schakel,35
3517,Katlynn,Feliciano,33
3550,Albert,Luccous,29
3577,Jerrel,Nicodemus,44
3592,Waylon,Contratto,35
3609,Mae,Dorchy,46
3633,Adelyn,Bursik,20
3677,Oakley,McCulloh,33
3684,Duff,Pelletiu,23
3721,Art,Wafer,46
3779,Schley,Bergstedt,45
3872,Talmadge,Blunkall,35
3948,Dione,Lebouf,20
2678,Chester,Clippinger,49
2760,Bryn,Leamy,20
2822,Goldie,Dethomas,48
2883,Exa,Horton,32
2941,Kenyon,Maniace,22
2968,Jena,Watley,44
3005,Mannie,Mentis,34
3057,Byrdie,Lomax,30
3136,Henry,Upson,49
3164,Germaine,Antonopoulos,48
3222,Elam,North,26
3245,Ewell,Klopp,48
3248,Pearlie,Brannigan,25
3263,Merwin,Hedley,37
3278,Hailie,Hurlock,30
3328,Simpson,Badura,28
3361,Mat,Jaruis,38
3440,Shyheim,Sibayan,45
3525,Perla,Grafton,45
3540,Renard,Ground,37
3556,Lanie,Keady,49
3561,Ronda,Cadena,39
3651,Jep,Metrick,23
3674,Charisse,Haverly,42
3692,Rome,Klement,31
3741,Vesta,Zebley,31
3750,Bernhard,Barino,29
3756,Harrell,Wenk,26
3830,Diandra,Lapham,39
3851,Hosteen,Woodhull,47
3877,Alisson,Fantasia,42
3886,Wilhelmina,Handville,28
3943,Orren,Padfield,20
3962,Antoinette,Neil,48
2677,Nia,Senk,45
2826,Hessie,Sahli,34
2724,Captain,Woltman,43
2752,Bell,Ferard,27
2775,Lenna,Falk,23
2869,Dean,Tuccillo,32
2892,Watson,Tomson,28
2962,Gaylord,Harger,23
3001,Zed,Carron,39
3019,Paxton,Cockey,46
3100,Tyquan,Srnsky,29
3162,Trinity,Wiscombe,48
3168,Alysha,Ossowski,23
3233,Kelley,Degiacomo,30
3295,Joan,Arrez,40
3304,Salvador,Tonic,25
3331,Dylan,Glymph,35
3366,Lillianna,Wolke,47
3404,Deyanira,Jing,46
3406,Cesar,Pompey,44
3412,Arvo,Juarbe,31
2813,Odell,Hulzing,28
2971,Jeanmarie,Nonu,46
3034,Keshaun,Fendrick,26
3178,Kinte,Konon,46
3410,Dayami,Romaniszyn,43
3420,Versie,Maddux,41
2976,Vester,Lambey,21
3011,Annamae,Pacior,25
3179,Hal,Freber,21
3289,Jewell,Trump,28
1920,Orlin,Ruopoli,46
1941,Major,Verhey,35
1948,Joi,Lungren,26
1959,Dione,Happer,36
2028,Giuseppe,Piesco,38
2047,Armstead,Herrington,24
2053,Blas,Rollinson,29
2065,Darold,Brassil,40
2087,Forrest,Sardella,41
2125,Faith,Sharlin,45
2132,Evie,Khokher,41
2134,Ovid,Leander,28
2148,Fleming,Filpus,32
2149,Ima,Mejia,29
2169,Gwenda,Derosie,38
2191,Dax,Seith,30
2194,Tamia,Markou,28
2196,Kecia,Ekas,20
2198,Madalyn,Kesek,35
2239,Gil,Paukstis,45
2266,Anais,Growell,35
2282,Bolden,Wampler,49
2285,Alphonsus,Nauss,39
2293,Avah,Morland,41
2315,Keira,Mowder,35
2328,Johathan,Garabedian,42
2332,Deirdre,Kirakosyan,40
2333,Zayne,Doshi,39
2338,Huy,Zemel,47
2347,Barnard,Bruski,26
2351,Brenton,Rudduck,36
2368,Rocky,Reutter,31
2372,Michelle,Mazzucco,34
2385,Tashina,Nawwar,49
2399,Daisy,Dezan,47
2420,Hayward,Rincones,48
2496,Farah,Viano,41
2501,Irine,Novy,47
2509,Cheyanne,Dugas,28
2512,Margaretha,Trillana,31
2516,Alysa,Kuchar,35
2530,Dorthea,Colarusso,26
2542,Lera,Irwin,45
2555,Marietta,Bessix,47
2567,Johnathon,Lenehan,21
2592,Jodie,Vyhnal,32
2597,Jonah,Stayter,21
2608,Mittie,Pingel,30
2642,Jase,Goethe,43
2725,Ellen,Trusillo,28
2734,Ezzard,Pettipas,43
2764,Jovan,Fernadez,38
2964,Terri,Held,32
3020,Rosario,Flavors,22
3062,Deanna,Klinich,46
3079,Madelene,Tausch,21
3165,Codi,Lavadera,31
3205,Wayne,Dockery,27
3258,Janessa,Caamano,35
3386,James,Romag,46
3409,Tiera,Groening,25
2693,Raphael,Amato,46
2979,Miah,Zarillo,45
3101,Syble,Cervenak,37
3265,Fredie,Eikmeier,43
3385,Ladonna,Howles,42
1913,Cornel,Barran,30
1916,Violette,Hazelbaker,48
1940,Colon,Rodick,45
1947,Kenyatta,Oakleaf,22
1954,Dannie,Jutras,30
1994,Maralyn,Lynch,29
2002,Deyanira,Lauby,44
2010,Doug,Quesada,25
2026,Carlton,Arras,22
2052,Ashby,Ingmire,34
2062,Tex,Bullins,37
2101,Josefa,Rosebaugh,28
2137,Hazle,Harader,32
2144,Jerimy,Wortley,20
2151,Virginia,Aiken,36
2163,Rashaan,Hudack,21
2176,Tamatha,Grosse,27
2215,Dianna,Eisen,36
2241,Stafford,Comins,49
2246,Kassidy,Hsu,40
2273,Debbie,Ungvarsky,49
2294,Mariam,Haser,26
2295,Eula,Roecker,42
2298,Jonathan,Demuzio,31
2343,Matthew,Fleischman,30
2344,Aylin,Lyseski,24
2355,Almina,Pechacek,49
2377,Kay,Cisneroz,28
2389,Sharen,Shipwash,37
2394,Jena,Woelfle,32
2413,Danelle,Myhre,29
2419,Wing,Minacci,37
2465,Alta,Bucolo,41
2468,Tobe,Neilsen,28
2519,Richmond,Sella,47
2544,Ala,Holloway,31
2582,Messiah,Settler,46
2588,Tishie,Huling,30
2594,Kerrie,Rattler,40
2605,Reynaldo,Gamel,34
2609,Erastus,Drumheiser,36
2616,Willene,Muha,21
2903,Sasha,Besemer,35
2938,Damon,Nicklin,45
2999,Jann,Gurne,44
3201,Celestia,Zicker,44
3319,Deeann,Viteo,48
3355,Clementina,Heines,46
3097,Hugo,Bagger,40
2707,Pandora,Miron,38
3111,Hope,Tsou,45
3186,Meredith,Kazee,20
2661,Sallie,Bevels,39
2662,Leone,Zaritsky,30
2663,Hakeem,Skoog,38
2664,Chantal,Killin,39
2665,Lawrence,Intermill,29
2666,Price,Aflalo,44
2667,Amos,Warbritton,27
2668,Junie,Demos,36
2669,Minnie,Wolgamot,30
2670,Clemmie,Concatelli,21
2671,Chandler,Flitton,44
2672,Hester,Leppke,47
2673,Jeremy,Abate,49
2674,Oralia,Pirone,49
2675,Loni,Odam,31
2676,Samatha,Greenlee,23
2679,Earlie,Turcotte,40
2680,Friend,Michaels,32
2681,Bertrand,Zurovec,26
2682,Tamika,Zulkowski,45
2683,Dottie,Cuculich,27
2684,Guy,Godine,40
2685,Emaline,Kama,20
2686,Brittni,Schonert,23
2687,Erma,Conlee,38
2688,Lady,Ruckel,27
2689,Cary,Georgelis,47
2690,Tessa,Stasik,21
2691,Keira,Rosebure,22
2692,Jedediah,Mandril,46
2694,Denine,Bergfalk,47
2695,Graham,Valera,47
2696,Berdie,Sanchious,39
2697,Marta,Pritchet,24
2698,Lesia,Kupferer,21
2699,Eula,Eldib,20
2700,Refugio,Ranes,48
2701,Margarito,Trauernicht,22
2702,Brynlee,Elsken,38
2703,Gerald,Marafioti,31
2705,Merlene,Suckow,37
2706,Racquel,Simeona,42
2708,Lindbergh,Bearden,30
2709,Urban,Broomhead,38
2710,Ardis,Molette,41
2711,Bobbie,Lightford,32
2712,Leandra,Hulzing,32
2713,Lauretta,Loske,44
2714,Lorenzo,Tarbox,23
2715,Frances,Kazin,43
2716,Audrey,Newham,36
2717,Blanchard,Voss,47
2718,Jones,Gallmon,40
2719,Giuliana,Fuhriman,23
2720,Oakley,Batchelder,44
2721,Adelbert,Ideue,38
2722,Eber,Budhram,27
2723,Phylis,Atcheson,31
2726,Ariane,Brackley,29
2727,Fern,Ancel,21
2728,Rey,Kestler,22
2729,Marni,Thorndike,45
2730,Madelyn,Chrabaszcz,37
2731,Ell,Aydelott,39
2732,Felix,Colden,28
2733,Tre,Zaneski,30
2735,Murry,Trail,48
2736,Lena,Hague,20
2737,Fisher,Taetzsch,23
2738,Janiya,Ellermann,20
2739,Alyssa,Bufkin,30
2741,Edie,Connell,34
2742,Lupe,Guarnera,35
2743,Margret,Pratcher,21
2744,Tuan,Goliday,49
2745,Blossom,Pharao,34
2746,Travis,Tenhaeff,49
2747,Brannon,Guyer,44
2748,Steward,Gibbings,33
2749,Margurite,Jacob,46
2750,Davey,Hofstetter,23
2751,Emmet,Dates,46
2753,Cleveland,Werra,44
2754,Aretha,Henby,48
2755,Adrien,Bokman,34
2756,Joanie,Quaile,37
2757,Dorothy,Rummans,44
2758,Karren,Ko,46
2759,Jenni,Sleigh,43
2761,Daren,Vanleuvan,46
2762,Hazen,Tavis,21
2763,Juliette,Trollope,48
2765,Olga,Mallis,36
2766,Perry,Silveri,49
2767,Arlie,Lennis,29
2768,Raven,Haberman,49
2769,Jeromy,Zeidler,24
2770,Lynn,Ruark,46
2771,Chaz,Lindabury,22
2772,Nova,Glenna,39
2773,Kayleigh,Kahahane,20
2774,Lois,Norat,20
2776,Sarah,Louderback,40
2777,Victory,Gohr,45
2778,Janet,Chimes,21
2779,Gisele,Skog,44
2780,Lee,Steeno,33
2781,Javier,Jeanneret,22
2782,Tianna,Odden,22
2783,Kelly,Wiliams,26
2784,Alivia,Smigel,32
2785,Guss,Kimbler,36
2786,Terese,Rodibaugh,29
2787,Seneca,Rosich,41
2788,Carri,Humphrey,43
2789,Ewald,Jumper,22
2790,Elmire,Brice,43
2791,Odessa,Goffigan,44
2792,Corinne,Matuke,28
2793,Rosalie,Cozzy,39
2794,Fritz,Poniatowski,29
2795,Terese,Kiefer,34
2796,Rosanne,Denley,35
2797,Meredith,Wilczynski,20
2798,Arnold,Taketa,31
2799,Karli,Vulgamore,42
2800,Kenney,Sanroman,20
2801,Abigayle,Popper,42
2802,Theodora,Armelin,45
2803,Alfred,Hauan,48
2804,Migdalia,Sogol,31
2805,Jerilynn,Laurila,33
2806,Orlin,Bredin,29
2807,Chandler,Balitas,44
2808,Chasity,Beckmann,49
2809,Garey,Puulei,45
2810,Alana,Fleischner,44
2811,Alysa,Champlain,27
2812,Keri,Rhoads,20
2815,Darlyne,McQuilliams,34
2816,Jayda,Caracciolo,22
2817,Daijah,Tomidy,26
2818,Madelynn,Reveal,21
2819,Elyse,Froeschle,35
2820,Coralie,Simeona,38
2821,Haven,Kendzierski,30
2823,Jaiden,Scannapieco,34
2824,Siobhan,Worford,47
2825,Wendy,Popik,38
2827,Cari,Tell,43
2828,Carol,Ayotte,49
2829,Walker,Passalacqua,21
2830,Gerhard,Stoutenburg,41
2831,Lavern,Signs,39
2832,Clarance,Olma,22
2833,Myrna,Depp,43
2834,Bradly,Majors,47
2835,Oral,Herzig,41
2836,Chadwick,Hunnicut,49
2837,Clotilda,Bockrath,32
2839,Alexande,Minardo,20
2840,Jayleen,Vanloan,48
2841,Shelley,Hazley,36
2842,Cordella,Louvier,28
2843,Rhea,Freiermuth,26
2844,Tosha,Casaus,23
2845,Anneliese,Mastrianni,49
2846,Maude,Aucoin,47
2847,Helen,Kaushal,29
2848,Matthew,Temby,42
2849,West,Ishibashi,43
2850,Delwin,Quitedo,31
2851,Jakobe,Lama,26
2852,Bryn,Gorski,25
2853,Boysie,Kirwin,45
2854,Toivo,Westpfahl,24
2855,Lamarcus,Kuehler,39
2856,Rena,Vaux,39
2857,Tressa,Arato,27
2858,Derrell,Thibault,38
2859,Cleave,Golick,22
2860,Scott,Sturkie,49
2861,Horatio,Zant,42
2862,Zola,Benscoter,28
2863,Rowan,Wohlert,20
2864,Jep,McLennon,20
2865,Wardell,Reyers,46
2866,Valinda,Faulkenburg,23
2867,Karma,Schmitzer,22
2868,Wendel,Eschete,35
2870,Luciano,Bourjolly,37
2871,Karyn,Feichter,42
2872,Chadwick,Elbie,28
2873,Leslie,Eastman,20
2874,Carissa,Ladtkow,27
2875,Elenor,Blewett,49
2876,Rosetta,Budak,34
2877,Grant,Sheladia,21
2878,Leigh,Pesterfield,29
2879,Ignatius,Bazzanella,33
2880,Tierra,Whelchel,45
2881,Ilene,Leclear,32
2882,Colonel,Toeller,47
2884,Anneliese,Lekey,49
2886,Dina,Trinkle,48
2887,Alisha,Annibale,37
2888,Delpha,Dilworth,27
2889,Ailene,Blane,46
2890,Daquan,Bankowski,30
2891,Lucien,Coaster,20
2893,Johnny,Connerat,42
2894,Lashunda,Brittan,31
2895,Kiarra,Ocejo,27
2896,Don,Sahagian,48
2897,Leonor,Langella,27
2898,Sharon,Popper,45
2899,Karolyn,Vathroder,22
2900,Zilpha,Dettorre,29
2901,Kristen,Hotaki,31
2902,Rosann,Bublitz,21
2904,Kermit,Rabon,23
2905,Marianne,Kham,22
2906,Rutherford,Manglona,20
2907,Vicky,Shire,49
2908,Murl,Sherief,49
2909,Arland,Cansler,46
2910,Ivy,Bott,44
2911,Debera,Schnepel,25
2912,Helyn,Stonum,47
2913,Rueben,Skye,47
2914,Vertie,Kuchar,26
2915,Doyle,Fragozo,40
2916,Lue,Witts,37
2917,Jaden,Blais,29
2918,Rodger,Echavez,27
2919,Lise,Barker,46
2920,Gaynell,Fingerman,35
2921,Shaquana,Ettl,24
2922,Marcello,Galardi,25
2923,Kelley,Kunkle,49
2924,Azaria,Disspain,28
2925,Johnnie,Chamley,26
2926,Stacy,Niesent,26
2927,Leamon,Reill,48
2928,Squire,Seftick,36
2929,Gretta,Georgi,39
2930,Shay,Dragula,47
2931,Risa,Kareem,29
2932,Eola,Hirons,38
2933,Renada,Bednorz,26
2934,Lavar,Miesse,24
2935,Elayne,Ganino,35
2936,Edwina,Akram,32
2937,Trumaine,Madeira,31
2939,Donnie,Jaus,30
2940,Millard,Friesenhahn,49
2942,Arely,Topolansky,27
2943,Hayleigh,Kavanagh,39
2944,Citlali,Bilyeu,34
2945,Tilden,Zurn,44
2946,Josiah,Granata,26
2947,Arvel,Bajdas,44
2948,Jaimie,Ibbetson,28
2949,Vern,Perigo,29
2950,Jedediah,Swelgart,40
2951,Gracie,Bumford,23
2952,Josefita,Stjacques,28
2953,Somer,Kirkland,29
2954,Syed,Dutt,35
2955,Candy,Fladung,38
2956,Zetta,Gums,22
2957,Kristopher,Alkbsh,29
2958,Darrel,Sadoski,44
2959,Mckenna,Weirather,31
2960,Pascal,Nietzer,33
2961,Eino,Sanpedro,34
2963,Starla,Juel,43
2965,Enriqueta,Bhatia,37
2966,Glenna,Breithaupt,44
2967,Alvy,Begor,40
2969,Delmar,Caravetta,32
2970,Alexande,Nuvallie,41
2972,Shad,Bianchini,28
2973,Ruffus,Kopp,28
2974,Zandra,Espericueta,44
2975,Kymani,Sorrel,49
2977,Abe,Plenskofski,48
2978,Brad,Negron,39
2980,Rodrigo,Women,45
2981,Tessa,Lischak,29
2982,Margy,Towry,37
2983,Kevin,Kott,46
2984,Meta,Lieder,34
2985,Cassandra,Zelenko,32
2986,Ariane,Lebaron,41
2987,Lindy,Deiters,46
2988,Holly,Simoson,35
2989,Rice,Piccinini,42
2990,Stephanie,Rager,33
2991,Herschel,Chard,33
2992,Jermaine,Langman,46
2993,Fielding,McLeskey,47
2994,Jerica,Rienstra,32
2995,Kassie,Bux,49
2996,Helena,Mindingall,41
2997,Layla,Willits,49
2998,Rome,Patriquin,27
3000,Jeanmarie,Cotta,35
3002,Genie,Swanson,38
3004,Wendi,Hules,37
3006,Wally,Busing,38
3007,Maximillian,Iliffe,41
3008,Nia,Strozewski,32
3009,Mabel,Husson,26
3010,Blaise,Emanuel,39
3012,Priscila,Orndoff,26
3013,Lashanda,Lazcano,45
3014,Galen,Fregoe,41
3015,Jordy,Martenson,43
3016,Leoma,Ramgel,36
3017,Reggie,Wiedenheft,24
3018,Cleola,Cruff,34
3021,Shaina,Desutter,40
3022,Linnie,Lucido,29
3023,Nicole,Wormley,37
3024,Randel,Havener,38
3025,Adyson,Klavetter,48
3026,Kayla,Caperon,34
3027,Dominik,Cull,33
3028,Cassandra,Reives,30
3029,Jacqueline,Ninneman,20
3030,Ludwig,Harman,43
3031,Melissa,Pitcock,40
3032,Tasha,Dubie,20
3033,Paxton,McCure,25
3035,Tobi,Demello,37
3036,Domonique,Olewine,31
3037,Eliot,Bizier,20
3038,Exa,Marcin,35
3039,Markita,Esquiuel,47
3040,Zandra,Tysinger,33
3041,Derwin,Idrovo,30
3042,Tyreek,Okano,46
3043,Rudolph,Lat,38
3044,Flor,Kasahara,45
3045,Donat,Kakani,45
3046,Shari,Hayth,47
3047,Heriberto,Mair,25
3048,Oran,Christin,39
3049,Ivey,Narro,32
3050,Kiyoko,Voce,39
3051,Joell,Legum,34
3052,Anya,Erich,27
3053,Norma,Widmar,38
3054,Estevan,Kuhtz,24
3055,Sammie,Herauf,31
3056,Fallon,Hirschman,20
3058,Grecia,Podkowka,39
3059,Mathews,Macchi,48
3060,Arlie,Nowak,24
3061,Agatha,Aspell,42
3063,Galilea,Dyl,32
3064,Yoel,McConnell,42
3065,Tonja,Mitchusson,34
3066,Halbert,Helmus,39
3067,Lynnette,Antonello,21
3068,Maeve,Bloes,29
3069,Ebbie,Dresher,33
3070,Corrina,Gudinas,44
3071,Leonardo,Dallas,40
3072,Nikki,Cheatham,24
3073,Jarrod,Hendsbee,31
3074,Denver,Laud,29
3075,Veda,Schleiff,43
3076,Villa,Hopewell,35
3077,Lesly,Heutmaker,38
3078,Tonya,Esshaki,43
3080,Elenor,Zeiler,37
3081,Agnes,Reigner,39
3082,Farrell,Kroh,32
3083,Jesenia,Scharbrough,30
3084,Salina,Velazguez,43
3085,Reubin,Waszak,30
3086,Gustaf,Pippenger,40
3087,Doll,Tosh,48
3088,Rishi,Gallucci,22
3089,Glenn,Raglow,21
3090,Sheldon,Hardinger,43
3091,Yvonne,Cassio,30
3092,Logan,Stegmaier,38
3093,Robert,Mrazik,21
3094,Terell,Halyk,21
3095,Elvin,Molinini,33
3096,Abram,Fallin,38
3098,Clytie,Morena,21
3099,Sergio,Howarter,35
3102,Lynnette,Arzaga,25
3103,Rosario,Newbauer,27
3104,Chadrick,Waligora,20
3105,Beula,Close,49
3106,Isidor,Tekippe,43
3107,Agnes,Sarkissian,30
3108,Olga,Hirschberg,42
3109,Sanford,Kleespies,35
3110,Kory,Aurora,42
3112,Colon,Mulverhill,23
3113,Clotilde,Barbar,41
3114,Ann,Gabrelcik,26
3115,Leandra,Biscardi,20
3116,Corinna,Hochnadel,42
3117,Williemae,Browner,43
3118,Arkie,Frisino,35
3119,Sharday,Snaders,37
3120,Dana,Orobona,32
3121,Lavon,Wolk,24
3122,Marsha,Ribero,27
3123,Chin,Tartt,22
3124,Dania,Ostendorff,34
3125,Clarance,Radisovich,45
3126,Valeria,Yusuf,37
3127,Jarrod,Lomg,27
3128,Kalen,Rodregues,48
3129,Sidney,Rotz,37
3130,Amin,Lechuga,28
3131,Eusebio,Yielding,36
3132,Orion,Cailler,32
3133,Eva,Persichetti,43
3134,Killian,Einspahr,21
3135,Anthony,Osuch,26
3137,Talmage,Niemela,43
3138,Job,Allgood,28
3139,Michel,Simonsen,40
3140,Coby,Sheftall,49
3141,Sherita,Lillard,44
3142,Abdullah,Waring,31
3143,Deric,Mir,39
3144,Krystle,Menner,29
3145,Destinee,Lanfair,38
3146,Vicki,Sicola,35
3147,Heidi,Merkle,47
3148,Unknown,Fulk,27
3149,Orah,Schwabe,20
3150,Vinnie,Luangamath,34
3151,Elwyn,Racz,44
3152,Blanca,Dietzel,38
3153,Electa,Weckhorst,42
3154,Junius,Capistran,21
3155,Estella,Owolabi,36
3156,Butler,Gelineau,41
3157,Nicolle,Paganini,24
3158,Alferd,Saragosa,28
3159,Magen,Drullard,49
3160,Dominque,Sletten,47
3161,Worley,Spletzer,32
3163,Adamaris,Stover,45
3166,Maude,Annas,27
3167,Andrew,Spaar,22
3169,Osa,Lunger,20
3170,Jalynn,Aines,49
3171,Delphin,Harpold,29
3172,Zelma,Woodall,45
3174,Kylah,Kridel,45
3175,Breana,Dorantes,41
3176,Ethel,Sarlo,47
3177,Soren,Kvilhaug,41
3180,Jeannette,Lozoya,24
3181,Joslyn,Peredo,24
3182,Benjamen,Pinello,26
3183,Adda,Putzer,22
3184,Lorayne,Kirsch,39
3185,Stanton,Woelfl,30
3187,Yahaira,Buttross,49
3188,Dion,Chui,35
3189,Arminta,Mazzeo,38
3190,Tariq,McCray,22
3191,Mervyn,Foshie,41
3192,Sigrid,Michelstein,46
3193,Heriberto,Nett,38
3194,Curtis,Rader,29
3195,Twyla,Kopriva,25
3196,Syed,Takemura,38
3197,Yadiel,Verrelli,40
3198,Dossie,Luscavage,45
3199,Janessa,Bourne,24
3200,Imogene,Soloman,28
3202,Bert,Recore,41
3203,Samara,Ledwig,48
3204,Larue,Oderkirk,24
3206,Wellington,Sorley,45
3207,Deante,Ganter,30
3208,Beverlee,Jolly,43
3209,Laurel,Henshaw,42
3210,Sanaa,Maslen,28
3211,Demonte,Liverance,36
3212,Shona,Prosenick,29
3213,Flo,Klusman,43
3214,Billie,Lindsley,40
3215,Dulcie,Murrell,32
3216,Evalena,Budzik,21
3217,Irene,Emard,26
3218,Jaylon,Everette,39
3219,Claudie,Greenwade,27
3220,Arlene,Lamora,36
3221,Ahmed,Segui,35
3223,Miah,McCole,34
3224,Eleanore,Breitling,31
3225,Lucetta,Debus,43
3226,Kyrie,Mundschau,43
3227,Carlie,Baas,39
3228,Kenna,Lukehart,45
3229,Zetta,Beiter,45
3230,Avon,Balbas,43
3231,Lamonte,Kudron,49
3232,Judith,Howison,48
3234,Lida,Chatelain,27
3235,Steven,Tahon,28
3236,Marti,Marak,22
3237,Vallie,Harver,27
3238,Bettina,Warf,30
3239,Lindell,Abrams,44
3240,Amari,Dimpfl,22
3241,Gretchen,Beddome,35
3242,Tobias,Bettis,20
3243,Alzina,McLoud,40
3244,Loyd,Smart,38
3246,Hyrum,Studnicki,48
3247,Cassie,Gainey,36
3249,Raegan,Yeoman,26
3250,Tatum,Plimpton,46
3251,Dorthy,Ghio,24
3252,Everette,Kooistra,38
3253,Quinton,Vencill,23
3254,Eathel,Awender,25
3255,Odie,Asaro,48
3256,Bertram,Haecker,26
3257,Tamela,Delmar,48
3259,Adin,Tarnoff,32
3260,Samson,Jefford,37
3261,Carley,Poister,46
3262,Odus,Dy,26
3264,Christen,Rognstad,23
3266,Sheron,Maccord,22
3267,Kyson,Dillard,30
3268,Freeman,Sandler,23
3269,Jalissa,Guhl,31
3270,Cason,Hultquist,45
3271,Parley,Ulloa,38
3272,Winnie,Hurlbert,45
3273,Aspen,Windes,30
3274,Candyce,Malich,29
3275,Samantha,Canonica,28
3276,Ed,Sien,40
3277,Cailyn,Arcadipane,38
3279,Duke,Lapilio,23
3280,Hilma,Sakai,32
3281,Aric,Boiser,23
3282,Sharon,Reffett,25
3283,Minna,Seeliger,39
3284,Jorja,Holsinger,37
3285,Velva,Urick,29
3286,Raynard,Rabell,23
3287,Mildred,Pipilas,39
3288,Violetta,Turnball,40
3291,Brittney,Schrank,32
3292,Drucilla,Vogenthaler,38
3293,Hillary,Conell,21
3294,Clyde,Menapace,30
3296,Amarion,Mayeshiba,48
3297,Captain,Neglio,26
3298,Rosemary,Boken,47
3299,Linus,Burgeson,20
3300,Rashad,Jimmerson,32
3301,Belen,Swansbrough,34
3302,Deyanira,Trigg,20
3303,Angie,Kalenkoski,26
3305,Hubert,Runnels,33
3306,Alleen,Viengxay,29
3307,Kyle,Bertel,47
3308,Mckinley,Mintz,36
3309,Ruie,Bagni,38
3310,Harlow,Wiers,43
3311,Shasta,Adens,30
3312,Prentiss,Clunes,39
3313,Annemarie,Miramontes,43
3314,Levina,Perham,28
3315,Errol,Giamichael,33
3316,Ladonna,Gajeski,49
3317,Kendra,Peelle,21
3318,Hobart,Tiedt,39
3320,Starla,Hampshire,31
3321,Braedon,Burghardt,26
3322,Finis,Mailhot,35
3323,Tavaris,Rooth,44
3324,Frida,Olivero,29
3325,Tarah,Baird,28
3326,Donna,Zizzo,47
3327,Roby,Anasagasti,49
3329,Selene,Ebner,22
3330,Rylan,Brewbaker,34
3332,Phillip,Papetti,36
3333,Yasmin,Rhule,34
3334,Theodocia,Dennig,33
3335,Sharron,Packham,31
3336,Emelie,Nocella,42
3337,Lavera,Donaher,27
3338,Dillard,Swirsky,41
3339,Omar,Wilfred,37
3340,Maegan,Swiggett,46
3341,Toby,Hofacker,28
3342,Ida,Yokely,37
3343,Tristian,Zumot,25
3344,Kiyoko,Tallas,31
3345,Houston,Stinespring,37
3346,Archibald,Musi,43
3347,Yaakov,Malouf,37
3348,Bolden,Pyfer,48
3349,Carolynn,Brauch,20
3350,Joyce,Lagrange,36
3351,Mozell,Swonke,37
3352,Dorsey,Litchford,23
3353,Neely,Mease,27
3354,Evelina,Jaiyesimi,28
3356,Bettina,Knackstedt,46
3357,Amani,Humfeld,32
3358,Gisselle,Ourth,36
3359,Weaver,Kwack,28
3360,Jaleesa,Offutt,40
3362,Clarissa,Hegwood,22
3363,Margaretha,Cruzan,34
3364,Shyanne,Munt,24
3365,Margaret,Rampadarat,42
3367,Guadalupe,Peguero,47
3368,Louisa,McDermid,22
3369,Cliffie,Buttz,47
3370,Jaliyah,Huneke,25
3371,Lauri,Ballentine,36
3372,Elroy,Preyor,40
3373,Jarrell,Balint,44
3374,Danyel,Stoltz,25
3375,Ariel,Retzloff,37
3376,Walton,Puebla,40
3377,Kelan,Rimbach,31
3378,Levy,Ockerman,24
3379,Kelvin,Asenjo,24
3380,Olive,Hoving,41
3381,Willaim,Geringer,49
3382,Pierre,Lacosse,29
3383,Pleasant,Hanmore,41
3384,Vicie,Bohall,36
3387,Pluma,Baatz,37
3388,Duard,Smutz,44
3389,Jovan,Kabanuck,44
3390,Linnie,Knieper,45
3391,Treena,Valerino,37
3392,Dylon,Minch,38
3393,Rebecca,Cavill,23
3394,Amanda,Stelluti,48
3395,Lilly,Dressel,26
3396,Kali,Longhofer,34
3397,Freddie,Hiscox,38
3398,Carlotta,Charriez,25
3399,Harriet,Budin,27
3400,Harden,Beilinson,40
3401,Martha,Duntley,44
3402,Dayton,Corvin,25
3403,Paisley,Hornoff,26
3405,Elna,Henkle,27
3407,Fernando,Gobert,44
3408,Jaymes,Chiang,28
3411,Clabe,Karlgaard,42
3413,Billy,Benestad,26
3414,Marissa,Chriss,30
3415,Iona,Dubuc,35
3416,Arely,Macaluso,27
3417,Fleeta,Farnworth,42
3418,Marybelle,Keib,38
3419,Elmyra,Turck,48
3421,Betsey,Lashbrook,26
3422,Maudie,Sinyard,45
3423,Emelia,Sevick,48
3424,Virdie,Grenko,25
3425,Kenneth,Azar,34
3426,Stephanie,McCullom,21
3427,Fount,Tryba,33
3428,Venus,Cartelli,38
3429,Conway,Riberdy,36
3430,Carmella,Helvey,30
3431,Alleen,Bumatay,33
3432,Artelia,Kaltved,32
3433,Lou,Wolsey,31
3434,Dessie,Butzlaff,39
3435,Webb,Kaesemeyer,40
3436,Gillian,Lundy,30
2003,Dondre,Leleux,29
2031,Lanny,Przybysz,32
2155,Nora,McCallie,21
2185,Rufus,Guadian,49
2325,Ashely,Staie,22
2330,Rosalee,Detamore,35
1914,Amil,Dozois,29
1915,Shelley,Feris,32
1917,Damarcus,Merisier,45
1918,Prentiss,Savannah,24
1919,Zoa,Lyng,48
1921,Norah,Branchaud,49
1922,Kirt,Lahip,27
1923,Kittie,Montefusco,33
1924,Ivonne,Ferrigno,43
1925,Solomon,McCullum,32
1927,Jarret,Carta,27
1928,Haywood,Reinstein,47
1929,Katherin,Cantos,20
1930,Johathan,Pogar,46
1931,Darell,Perrucci,40
1933,Mikaila,Ghent,25
1934,Major,Medler,22
1935,Bridgett,Kindell,29
1936,Daniele,Borgstede,30
1937,Shianne,Janis,40
1938,Taurus,Timinsky,20
1942,Chaz,Rathe,47
1943,Con,Ozga,25
1944,Janae,Ijams,37
1946,Nicole,Zorich,41
1949,Billie,Sible,42
1950,Rachel,Vilca,45
1952,Lulie,Baughn,43
1953,Nataly,Erdahl,48
1956,Alfie,Barrette,21
1957,Hart,Crouch,26
1958,Andrae,Luft,46
1960,Rich,Godek,39
1961,Arlene,Busbin,38
1962,Antonia,Yarrington,49
1963,Myrle,Baragar,28
1964,Averi,Zacchini,36
1965,Buena,Bartelt,34
1966,Shellie,Sivyer,40
1968,Beckie,Grippe,23
1969,Brynlee,Bibian,39
1970,Vannie,Goltra,28
1971,Valorie,Loverdi,33
1974,Alwina,Develice,37
1975,Kamilah,Daviau,21
1977,Beckham,Vanderlee,23
1978,Dimple,Gluck,35
1979,Brisa,Parkers,33
1980,Braylon,Branson,41
1981,Aline,Kneip,42
1982,Leana,Bernheim,30
1983,Scott,Fiallos,23
1984,Jeffrey,Overman,29
1985,Karyn,Grix,26
1986,Marcie,Laforest,21
1987,Johnpaul,Kasprzak,33
1988,Marina,Alexiou,22
1989,Clearence,Irish,25
1990,Aniyah,Blea,39
1992,Hilary,Gies,44
1993,Carol,Iseman,38
1996,Drucilla,McFeeters,37
1997,Sunny,Iwanyszyn,39
1999,Tresa,Collier,20
2000,Fleta,Honore,44
2005,Audrey,Stieg,42
2006,Marissa,Lyden,37
2008,Brian,Rosavio,24
2011,Lindell,Zuniga,32
2012,Judith,Boatner,45
2013,Sherree,Koenemund,29
2014,Arno,Leng,35
2015,Chandler,Kurkowski,21
2016,Mafalda,Hirschfeld,24
2017,Bryton,Kemerling,35
2019,Verle,Huhman,27
2020,Jonas,Muzzillo,41
2021,Shaniece,Yokoyama,38
2022,Cilla,Perotta,44
2023,Hertha,Finell,24
2025,Thedore,Gyles,22
2029,Johathan,Krainbucher,35
2030,William,Nurthen,27
2033,Loris,Vogtman,26
2034,Pauline,Gaska,43
2035,Milo,Flintroy,38
2036,Dominque,Hoppes,23
2037,Florida,Dungee,31
2040,Kyle,Devenny,46
2041,Versa,Rementer,44
2043,Suzan,Goslin,29
2044,Hilbert,Coakley,25
2045,Mickey,Modafferi,31
2046,Cheri,Bolender,47
2048,Allie,Parisi,22
2049,Manila,Ciaccia,33
2050,Kale,Hochard,25
2051,Sylvan,Mauricio,36
2055,Elza,Keesey,41
2056,Zaire,Udani,35
2057,Walt,Randolf,43
2058,Kendall,Brewbaker,49
2059,Rella,Soni,48
2060,Tessie,Auel,26
2061,Yolonda,McSpirit,43
2063,Darl,Borr,42
2064,Tamia,Guecho,30
2066,Felipe,Vaness,21
2067,Bradford,Puller,46
2069,Vonetta,Badanguio,34
2070,Ryley,Strada,24
2073,Ancel,Schaap,34
2074,Jeffie,Korns,48
2075,Colten,Laux,48
2076,Drema,Cervoni,28
2077,Marcia,Dearmore,34
2078,Delsie,Maphis,34
2079,Che,Hoxit,33
2080,Melville,Cristal,25
2082,Florine,Pankake,27
2083,Sannie,Summerlot,44
2084,Orville,Wolle,22
2085,Jermain,Zellner,42
2086,Harriett,Wieseman,30
2088,Toccara,Fahlsing,45
2089,Angelica,Argueta,24
2090,Kason,Booras,48
2091,Halsey,McQuiggan,26
2092,Ova,Garavaglia,44
2093,Verla,Taube,40
2094,Treasure,Wragge,46
2095,Tamela,McSweeney,28
2096,Sandy,McConnaughy,40
2097,Ruthanne,Perking,23
2098,Lauretta,Ensworth,31
2099,Citlali,Zahnow,40
2100,Arden,Farquhar,41
2103,Harper,Dafonseca,41
2104,Alpheus,Arambuia,40
2105,Hunter,Fara,20
2106,Thalia,Kahen,21
2107,Karis,Woelfle,32
2108,Elza,Pestronk,25
2109,Donell,Pyfer,25
2110,Tisha,Brosseau,23
2112,Thomasina,Henline,25
2113,Tillman,Delossantos,29
2114,Ardell,Dimitry,31
2115,Clella,Kortum,31
2118,Yuridia,Lofgreen,46
2119,Johnny,Wick,27
2120,Raymond,Rados,40
2121,Lilia,Bueter,31
2122,Azaria,Ellingwood,35
2123,Adonis,Kosik,23
2124,Kelcie,Egerer,35
2126,Liliana,Sheeler,46
2129,Malaya,Schomer,20
2130,Kole,Huska,35
2131,Carroll,Foronda,37
2136,Lonny,Camerena,49
2139,Emile,Stusse,42
2140,Charla,Calzado,27
2141,Rebeca,McKeone,27
2142,Tammi,Kuske,30
2145,Hayden,Brunson,20
2146,Shelvia,Chelton,38
2147,Randel,Knorp,49
2150,Norma,Romanek,42
2152,Roena,Bartholic,25
2154,Shenna,Blasing,26
2156,Davina,Saelee,25
2158,Deacon,Blakeley,27
2159,Rutherford,Gavigan,35
2160,Tyrek,Espaillat,36
2161,Dori,Pabey,38
2162,Finley,Rekuc,31
2164,Presley,Shingleur,20
2165,Warren,Hoffine,39
2166,Annemarie,Britnell,29
2167,Sally,Shearman,43
2168,Morton,Huckfeldt,39
2170,Masako,Westerfeld,43
2172,Vivian,Ugolini,45
2173,Leyla,Bandy,45
2175,Theodore,Faichtinger,47
2177,Ralph,Benion,36
2178,Denita,Bickle,44
2179,King,Cuddihee,27
2181,Niki,Haynesworth,47
2182,Nico,Maller,26
2184,Misti,Gewinner,31
2186,Ramsey,Ogami,38
2188,Jarrett,Welke,26
2190,Geoffrey,Pasternak,40
2192,Gary,Chiszar,35
2193,Leonor,Horowitz,47
2195,Jewell,Rabine,43
2197,Jayne,Fawler,25
2200,Diana,Liguori,47
2201,Ellsworth,Rapier,26
2202,Shirl,Sherbon,29
2204,Blanch,Gehling,41
2205,Orland,Vair,46
2206,Erwin,Burch,43
2207,Fae,Ifantides,47
2208,Bambi,Drown,24
2209,Kristi,Grenfell,23
2210,Verlyn,Kellin,39
2211,Jameel,Patrin,45
2212,Anjelica,Mier,29
2213,Kathlyn,Raybould,45
2214,Burrel,Bordeaux,46
2216,Landon,Bussert,21
2217,Carlton,Hilby,42
2218,Darrick,Engert,44
2219,Ally,Keens,30
2220,Davante,Zboral,22
2221,Dallin,Korby,25
2222,Elzie,Segonia,47
2226,Cordell,Sollers,49
2227,Kelsie,Shinoda,32
2228,Jasmine,Yagin,29
2229,Reece,Postle,43
2230,Lillia,Sando,40
2231,Pricilla,Horoschak,36
2232,Earl,Hahl,44
2233,Norwood,Kirwan,29
2234,Izabella,Macrostie,47
2235,Rhonda,Blakey,30
2236,Karis,Hjelle,31
2237,Zakary,Slaugh,27
2238,Wilford,Castellari,45
2240,King,Jandris,31
2242,Verla,Keppel,30
2243,Pauline,Orbison,27
2244,Christian,Marcinkiewicz,47
2245,Allan,Gentry,21
2248,Neely,Lysher,49
2249,Johny,Hellweg,48
2251,Ethel,Fenimore,49
2252,Orland,Kupfer,24
2253,Brittni,Molinary,34
2255,General,Jammer,36
2256,Bertie,Crank,35
2257,Ron,Depue,31
2258,Messiah,Bennight,48
2259,Selmer,Schnitman,25
2260,Camren,Haggett,20
2261,Houston,Feltus,41
2262,Juluis,Saporito,37
2263,Eugenia,Hargest,39
2265,Modena,Stryjewski,31
2269,Rubye,Fellin,46
2270,Orland,Desilva,48
2271,Anthony,Krehel,30
2272,Janell,Lem,39
2274,Andrew,Zahm,40
2275,Loree,Demaris,48
2276,Callum,Verhoff,41
2277,Vicie,Rotering,41
2278,Cheryle,Nasalroad,30
2280,Gisselle,Bellefeuille,20
2281,Santana,Gaves,24
2286,Ivory,Fiermonte,27
2287,Ezekiel,Freytag,33
2288,Madilynn,Hiney,26
2290,Hanson,Torralba,28
2291,Augustin,Solas,48
2296,Evert,Poehlman,47
2297,Willow,Falter,45
2299,Chantal,Balmer,43
2300,Clydie,Briden,35
2301,Kassie,Luedeman,49
2303,Samir,Southworth,33
2304,Macey,Hullihen,36
2305,Chin,Rupnick,43
2306,Kameron,Gooley,44
2307,Sloane,Nabers,27
2308,Armida,Blacknall,43
2309,Effie,Andujo,41
2310,Alec,Raymer,45
2311,Jaime,Ricciardone,38
2312,Cris,Ricketts,21
2313,Jose,Coble,45
2314,Maryjane,Gradle,42
2316,Rickie,McGahen,49
2317,Zaiden,Schustrich,39
2318,Bernhard,Scandalis,43
2320,Zelpha,Liborio,41
2321,Enrico,Ibraham,49
2322,Graham,Flott,31
2323,Haruko,Hegwood,37
2324,Arnoldo,Meason,39
2326,Brenna,Connett,42
2329,Mireya,Statum,32
2331,Miguelangel,Dang,43
2334,Kamren,Gesualdo,43
2335,Simpson,Cundiff,43
2339,Bunk,Wickemeyer,35
2340,Ancel,Daugaard,35
2341,Nannette,Cucufate,44
2342,Montel,Lickliter,29
2345,Miriah,Cleark,31
2346,Ellison,Wielgus,26
2348,Britta,Bartol,25
2349,Olene,Goonen,40
2350,Grayce,Weske,27
2352,Elbridge,Spinale,43
2353,Isis,Illingworth,41
2354,Silver,Naccarato,49
2356,Marquise,Ocain,42
2357,Maximus,Altamirano,24
2358,Marjorie,Ramesar,33
2359,Algernon,Fenster,40
2360,Karina,Grabill,23
2361,Luberta,Vermillion,30
2362,Clemmie,Brabston,45
2363,Concetta,Pelz,38
2365,Dickie,Gedman,31
2366,Marylin,Hellmich,45
2367,Angelina,Krauth,46
2369,Baxter,Gervin,42
2370,Keyshawn,Pippenger,48
2371,Dan,Marzan,29
2373,Will,Romprey,21
2374,Evelyne,Hoeffliger,31
2375,Wilhelm,Heikes,21
2376,Deja,Turlington,47
2379,Lonna,Gracy,35
2380,Orlo,Rm,36
2381,Marie,Clennon,36
2382,Madora,Tyms,28
2383,Richie,Clow,44
2386,Eleni,Brey,26
2387,Sincere,Nighswander,41
2388,Laurie,Kebort,22
2390,Alvis,Steptore,21
2391,Nicole,Keltner,40
2392,Neva,Choulnard,41
2393,Dannielle,Burgess,26
2395,Francisco,Hagaman,46
2396,Kale,Schwandt,34
2397,Arnold,Cousins,40
2400,Jade,Falkenberg,30
2401,Debrah,Ivener,36
2402,Vernell,Grodin,37
2403,Prudie,Corzo,47
2404,Jenifer,Maciolek,25
2405,Kristen,Hinger,21
2406,Willian,Rolando,20
2407,Caren,Valtierra,34
2408,Germaine,Tegeler,41
2409,Elzie,Melott,35
2410,Rich,Trenton,48
2411,Anne,Kintzel,41
2412,Graciela,Dipanfilo,31
2414,Kimberli,Vetterkind,29
2415,Nita,Keogan,22
2416,Montgomery,Disilvestro,32
2418,Candido,Fergen,23
2421,Tiney,Siddall,23
2422,Gabriel,Buchana,40
2423,Brynn,McMillian,20
2424,Marina,Milano,44
2425,Tevin,Surman,32
2426,Kieran,Tietz,42
2427,Maddox,Demulling,29
2428,Kadyn,Alsing,41
2429,Syble,Martine,47
2430,Altie,Jaurigui,34
2431,Azaria,Orlander,32
2432,Roy,Fletchen,40
2433,Fernanda,Cashatt,28
2434,Crysta,Schlick,33
2435,Terrance,Lipa,24
2437,Jadyn,Crapse,22
2438,Colbert,Lammey,20
2439,Masao,Mohorovich,48
2440,Essie,Ruddy,41
2441,Essex,Chevrette,34
2442,Alondra,Diamantopoulo,29
2443,Gearld,Andre,47
2444,Minoru,Catalli,22
2446,Anthoney,Lukesh,31
2448,Nick,Pale,25
2449,Mike,Neslusan,42
2450,Jerrold,Astudillo,40
2452,Sheryl,Japp,39
2453,Laquan,Forkey,49
2454,Shauna,Keiswetter,39
2455,Darion,Machkovich,21
2456,Octavie,Colar,46
2457,Russell,Hoste,40
2460,Audrina,Galluccio,20
2462,Duane,Burgun,43
2464,Emilio,Ponessa,34
2466,Britton,Tarricone,33
2467,Sheyla,Nozick,34
2469,Alexandria,Imig,34
2470,Daisy,Gesing,42
2473,Madilyn,Criblez,28
2474,Gwendolyn,Rahaim,45
2476,Grisel,Dains,44
2477,William,Sarra,41
2478,Kristian,Durrant,35
2479,Winthrop,Kowalec,22
2480,Lettie,Sandborg,41
2481,Dariana,Presson,24
2482,Abagail,Discon,37
2483,Alys,Edge,27
2484,Marietta,Akau,37
2485,Matthias,Merrbach,40
2486,Morgan,Carlyon,39
2487,Tarsha,Tavenner,25
2488,Dasia,Brihon,45
2489,Leticia,Pomales,48
2490,Arnie,Jirak,27
2492,Anya,Leadbeater,30
2493,Lorene,Granbois,21
2495,Reanna,House,35
2497,Ozzie,Culberth,37
2499,Carmine,Fukunaga,35
2500,Kalyn,Leclare,22
2503,Myrtis,Mellekas,38
2504,Sydell,Breslawski,20
2505,Larry,Ohmie,43
2506,Myra,Cosimini,46
2507,Christina,Streed,30
2513,Randell,Knipfel,38
2514,Marty,Husenaj,48
2515,Lexie,Lavallie,36
2517,Caesar,Muhlestein,47
2518,Tennessee,Elizabeth,26
2520,Amani,Arciga,36
2521,Callie,Strazi,30
2522,Boris,Doremus,22
2523,Chestina,Boyes,46
2524,Ana,Faver,31
2525,Josefina,Reinstein,29
2526,Glenn,Figart,26
2527,Eldora,Sawlivich,47
2528,Shelly,Luben,49
2531,Mikhail,Pirolli,47
2532,Claude,Nield,36
2534,Bertina,Nunmaker,44
2535,Dirk,Nordlund,44
2536,Sylvanus,Arcizo,21
2537,Heriberto,Maillard,30
2539,Williemae,Bianchi,39
2540,Hideo,Demarino,37
2541,Jule,Wrobliski,49
2545,Lauri,Cifelli,35
2546,True,Ficke,42
2548,Nayely,Teasley,29
2549,Tanisha,Latko,48
2550,Mont,Cernuto,37
2551,Irene,Burgos,40
2552,Schuyler,Magrath,38
2553,Romeo,Meritt,42
2554,Erick,Hyre,41
2556,Rupert,Krawchuk,48
2557,Janessa,Eun,37
2558,Gabriella,Apolo,43
2559,Idabelle,Tiernan,30
2560,Sampson,Macvicar,33
2561,Dicie,Civcci,23
2562,Sienna,Olup,24
2563,Ivana,Rubinstein,28
2564,Walton,Woodfield,40
2565,Leafy,Salstrom,24
2566,Rowland,Jaqua,28
2568,Kai,Madole,40
2569,Briley,Sibell,45
2570,Samantha,Poinson,31
2572,Hazle,Kennan,20
2573,Wanita,Purslow,32
2574,Charle,Agpaoa,47
2575,Anona,Bodemann,38
2576,Zeta,Deiss,46
2577,Artis,Ramming,33
2578,Ovid,McCrackin,34
2579,Audie,Diminich,40
2580,Mustafa,Suniga,27
2581,Harvy,Peckman,47
2584,Genevieve,Essency,49
2585,Levon,Jovanovic,32
2586,Alfredo,Izard,20
2587,Letta,Chanoine,26
2590,Mackenzie,Calvey,48
2591,Marilyn,Anglea,21
2593,Dakotah,Minissale,29
2595,Reyna,Grindeland,40
2596,Jakayla,Meecham,44
2599,Yandel,Cerros,45
2600,Tayshaun,Laundree,20
2601,Wally,Estimable,35
2602,Mabelle,McGilton,38
2603,Linzy,Caul,31
2604,Donnie,Lengyel,41
2606,Norbert,Moening,30
2607,Preston,Karoly,44
2610,Alvah,Rodregues,27
2611,Adela,Bouquet,21
2612,Aili,Aridas,43
2613,Cori,Pasho,27
2614,Anjali,Gobeyn,32
2615,Josef,Isgur,40
2618,Lucia,Oquin,37
2619,Cinthia,Pirone,49
2620,Johana,Gingles,40
2621,Omer,Brittingham,46
2622,Rolanda,Muessig,46
2623,Wyatt,Cate,22
2624,Deana,Dierolf,28
2625,Ethel,McIlhinney,33
2626,Ama,Orejel,33
2627,Erie,Schuppenhauer,31
2628,Julisa,Connington,45
2630,Sherron,Carney,26
2631,Darrick,Genco,47
2632,Cheyenne,Kinseth,38
2633,Dennis,Whittinghill,45
2634,Palma,Candelaria,34
2637,Wally,Delaura,41
2638,Brenda,Kucera,39
2639,Medora,Garmon,31
2641,Delbert,Dyen,38
2644,Boyd,Lasecki,27
2645,Skip,Inoue,37
2646,Idabelle,Hightree,20
2648,Kaylen,Bordon,34
2650,Kamryn,Moore,49
2651,Jimmie,Bruechert,24
2652,Albert,Avenia,23
2654,Susanne,Grinie,36
2655,Sharita,Aites,28
2656,Allyn,Ashcroft,38
2657,Johnna,Auckerman,46
2658,Lesli,Besse,48
2659,Naoma,Woolums,38
3438,Lamarcus,Signor,30
3439,River,Adler,22
3441,Parlee,Heibel,36
3442,Claus,Bartin,37
3443,Chaim,Ghan,41
3444,Hobson,Cantillo,26
3445,Loy,Scallion,34
3446,Carol,Pastorius,47
3447,Josef,Lester,43
3448,Johnny,Myrum,46
3449,Tricia,Darlington,40
3450,Christopher,Aneshansley,24
3451,Vada,Tyrol,47
3452,Yaritza,Declerk,39
3453,Hilary,Bolian,24
3455,Arlyne,Zanis,23
3457,Vicky,Nishimura,48
3458,Latricia,Routledge,38
3459,Hetty,Udoh,37
3460,Kari,Grammer,40
3461,Shad,Harshbarger,35
3462,Clyde,Defalco,28
3463,Aden,Legrotte,43
3464,Lafayette,Dodrill,31
3465,Texas,Paone,33
3466,Vito,Koutras,49
3467,Luz,Augenstein,25
3468,Jedidiah,Wagley,40
3469,Horton,Ridgway,36
3470,Jazmine,Fregeau,40
3471,Brittaney,Musel,31
3472,Ephram,Meaker,42
3473,Kimberly,Stechlinski,33
3474,Lelah,Chapin,22
3475,Nella,Hatchel,42
3476,Slade,Tafreshi,28
3477,Yusuf,Rafi,27
3478,Demi,Moisa,36
3479,Liam,Christy,35
3480,Jarod,Nill,41
3481,Shirley,Osowski,24
3482,Barrie,Cobbley,32
3483,Onie,Portlock,37
3484,Budd,Tognazzini,42
3485,Wendi,Wohlgemuth,47
3486,Cheryl,Bolman,38
3488,Roman,Dedicke,35
3489,Naoma,Lofman,41
3490,Larue,Seldomridge,20
3491,Drury,Strickland,24
3492,Elgie,Spanos,29
3493,Zelma,Buol,42
3494,Karen,Ricord,36
3496,Shona,Satterlee,43
3497,Woodroe,Lischak,41
3498,Kamryn,Verhaeghe,28
3499,Severo,Lajeunesse,30
3500,Hershel,Armant,37
3502,Lindsey,Burback,32
3503,Annamae,Prus,47
3504,Claudette,Clarkin,34
3505,Jordi,Meazell,20
3506,Gloria,Lehtonen,35
3507,Idella,Carknard,35
3508,Henretta,Lowther,39
3509,Lissa,Buen,22
3510,Berkley,Hettinger,38
3511,Torry,Cordwell,24
3512,Javier,Priode,40
3513,Williard,Melchert,33
3514,Gerda,Laesser,42
3515,Emanuel,Malander,43
3516,Brielle,Radziwon,43
3518,Booker,Barbarin,21
3519,Carolynn,Chapko,20
3520,Helaine,Bryden,37
3521,Vonetta,Aalund,33
3522,Blaise,Edgerton,23
3523,Jeffrey,Prentiss,29
3524,Joshua,Ripke,24
3526,Maya,Duenez,48
3527,Cecil,Stenkamp,35
3528,Viola,Dobrynski,25
3529,York,Shoen,26
3530,Waldemar,Puffenberger,42
3531,Micheal,Burkowski,41
3532,Cicero,Jukich,47
3533,Mart,Pherson,45
3534,Kaylyn,Edington,32
3535,Kristine,Burkleo,38
3536,Valentina,Vig,23
3537,Leander,Feinberg,23
3538,Inga,Stamas,36
3539,Alexina,Corlett,34
3541,Carleton,Aldarondo,23
3542,James,Koestler,31
3543,Artie,Remis,33
3544,Mateo,Cotta,22
3545,Thomas,Benavidez,25
3546,Deven,Dicesare,41
3547,Elinore,Ottesen,22
3548,Mora,Badoni,48
3549,Marc,Hoe,45
3551,Andres,Wigboldy,47
3552,Glen,Battie,22
3553,Karel,Gruby,29
3554,Doll,Keatts,45
3555,Chaz,Neiswonger,33
3557,Jones,Schlechten,46
3558,Russ,Sulivan,22
3559,Kathy,Aliff,49
3560,Meredith,Redfield,38
3562,Yasmeen,Barrick,47
3563,Marta,Desher,46
3564,Leamon,Golub,29
3565,Wilbert,Digiovanni,30
3566,Norita,Ruyes,25
3567,Dennis,Hennecke,39
3568,Philomene,Pellot,29
3569,Berton,Eversmeyer,37
3570,Sydney,Bourgois,42
3571,Shelby,Fogus,21
3572,Warner,Siple,38
3573,Chana,Frediani,32
3574,Ashlee,Dees,38
3575,Leda,Sempertegui,26
3576,Damarion,Jansma,44
3578,Dorotha,Stockard,48
3579,Jena,Goetsch,40
3580,Dontae,Bozzi,39
3581,Clay,Zanghi,27
3582,Hardie,Suddith,45
3583,Rosemary,Tarpley,25
3584,Therman,Witts,46
3585,Garrett,Mausey,39
3587,Arthur,Hermie,27
3588,Murry,Huizinga,22
3589,Baylie,Segala,20
3590,Lupe,Schallhorn,42
3591,Blas,Wattenberg,46
3593,Nana,Houpt,32
3594,Liston,Gift,46
3595,Jamison,Larrieu,42
3596,Daryl,Mischo,47
3597,Destry,Plunk,45
3598,Elizbeth,Coppolino,45
3599,Erie,Spasiano,33
3600,Donat,Fok,28
3601,Cristine,Barclay,49
3602,Case,Enwall,45
3603,Chalmer,Babikian,25
3604,Jere,Haigler,45
3605,Ashlea,McDoniel,47
3606,Jeffrey,Williamon,26
3607,Katherin,Lansing,21
3608,Darrin,Weisse,28
3610,Tyrel,Bowman,36
3611,Nasir,Karapetyan,44
3612,Stafford,Hordyk,40
3613,Stevie,Cahalan,47
3614,Cyril,Manigold,49
3615,Fisher,Washuk,33
3616,Dellie,Lacomb,20
3617,Khadijah,Alnas,47
3618,Jamin,McFall,49
3619,Levar,Sabal,24
3620,Cecily,Caspary,41
3622,Lyndsay,Gargus,22
3623,Shirleyann,Swolley,23
3624,Donnell,Banek,27
3625,Meadow,Pummill,26
3627,Tresa,Cibrian,21
3628,Fleet,Hovatter,31
3629,Mont,Jacoby,30
3630,Senora,Marett,44
3631,Elissa,Metil,27
3632,Ladarius,Landing,25
3634,Theodora,McEver,29
3635,Maggie,Kinne,28
3636,Buel,Tuchy,49
3637,Ivana,Okuhara,48
3638,Inger,Ham,44
3639,Elvia,Armor,26
3640,Bret,Selvy,42
3641,Petra,Rakyta,31
3642,Archie,Malmquist,46
3643,Stafford,McClay,44
3644,Roderic,Skjei,38
3645,Marylyn,Ahlfield,38
3646,Cortez,Maretti,25
3647,Elena,Shupp,23
3648,Margo,Barke,22
3649,Kelly,Ferdinand,48
3650,Yazmin,Reny,37
3652,Cadence,Echevarria,20
3653,Eartha,Cazenave,29
3654,Willy,Vinck,22
3655,Davis,Koback,46
3656,Luvinia,Livernois,41
3657,Tyrese,Dearmas,36
3658,Cody,Funderburk,32
3659,Niki,Cippina,36
3660,Lenore,Deandrade,45
3661,Madelene,Whitney,39
3662,Minervia,Witbeck,25
3663,Noel,Pillips,43
3664,Mossie,Vansyckle,23
3665,Aditya,Beliard,39
3666,Leonia,Dawber,25
3667,Sadie,Dunnagan,22
3668,Anatole,Tomaski,39
3669,Branch,Abston,37
3670,Lloyd,Kinloch,38
3671,Elige,Gorman,35
3672,Rodolfo,Milord,31
3673,Che,Scharbach,38
3675,Annalise,Munk,24
3676,Worth,Alimento,38
3678,Corina,Yorio,27
3679,Madalynn,Lomax,39
3680,Latarsha,Mercante,32
3681,Tod,Tilford,33
3682,Deane,Sayko,32
3683,Jossie,Hunter,47
3685,Herschel,Route,25
3686,Arietta,Dimarino,30
3687,Wesley,Lysher,33
3688,China,Lanthier,37
3689,Lizeth,Leapheart,32
3690,Matilde,Brightbill,31
3691,Freeman,Disspain,48
3693,Verna,Bassani,23
3694,Angelia,Holly,41
3695,Cinnamon,Hartney,38
3696,Alto,Pannebaker,37
3697,Dean,Kelderman,31
3698,Lyle,Stapf,26
3699,Marlys,Momper,36
3700,Joanna,Cantos,26
3701,Michelle,Yochem,25
3702,Davy,Rison,46
3703,Jaden,Hagaman,32
3704,Floy,Flakes,38
3705,Napoleon,Telly,46
3706,Edwin,Perrilloux,40
3707,Dorcas,Vanderweide,34
3708,Frederick,Talamantes,20
3709,Mikaela,Knowles,38
3710,Ellsworth,Apgar,38
3711,Hayward,Procell,22
3712,Armani,Megivern,26
3713,Essex,Rochez,39
3714,Brenda,Kshywonis,44
3715,Laila,Figueira,39
3716,Ashlyn,Cardazone,25
3717,Lura,Lagrave,39
3718,Precious,Springstead,38
3719,Essie,Cooner,45
3720,Marin,Stillman,29
3722,Kacey,Overweg,29
3724,Jeana,Stimpert,47
3725,Kalie,Manderson,40
3726,Nehemiah,Boles,37
3727,Osa,Jeansonne,42
3728,Lucy,Estremera,21
3729,Scott,Peppel,40
3730,Caleb,Wygand,47
3731,Royal,Henebry,39
3732,Jalissa,Bonifer,32
3733,Tonja,Mosha,22
3734,Rosalind,Ruddle,30
3735,Judy,Linington,25
3736,Beckett,Dapinto,32
3737,Ozella,Boudreau,25
3738,Elda,Seabright,39
3739,Ezra,Sidler,47
3740,Janeen,Lamanna,42
3742,Ariana,Brue,48
3743,Carrie,Camilli,47
3744,Consuela,Layfield,49
3745,Dakota,Kirkling,39
3746,Beckham,Wineinger,48
3747,Coral,Vandemark,27
3748,Trudie,Iossa,42
3749,Melisa,Pachlin,42
3751,Kaleb,Keown,34
3752,Dale,Colasamte,23
3753,Claus,Zanderigo,43
3754,Kerry,Hippen,41
3755,Cornel,Snedeger,29
3757,Rena,Haczynski,23
3758,Abdullah,Yamane,34
3759,Alexzander,Finster,33
3760,Dennie,Baines,34
3761,Ester,Chitwood,46
3762,Amir,Boroughs,26
3763,Vinnie,Calowell,36
3764,Kenyon,Bohlig,21
3765,Tennessee,Pitka,46
3766,Billie,Cozadd,26
3767,Harlow,Maurus,45
3768,Fern,Hargett,21
3769,Alethea,Woolhouse,21
3770,Solomon,Gagliano,30
3771,Floy,Jekel,36
3772,Beyonce,Guthrie,34
3773,Veola,Hertler,27
3774,Stone,Dettore,36
3775,Gerry,McVean,39
3776,Freeda,Spieth,25
3777,Ryann,Gimble,47
3778,Cristian,Muckelroy,45
3780,Monika,Defrance,42
3781,Vita,Josias,28
3782,Dorinda,Perks,37
3783,Lottie,Winzenried,24
3784,Moody,Vanmarter,28
3785,Clyde,Bockelmann,35
3786,Darry,Untiedt,49
3787,Desean,Pitner,40
3788,Albertha,Lareau,33
3789,Elie,Middlekauff,22
3790,Bobby,Norrod,43
3791,Darrien,Tomski,28
3792,Darryn,Bulkin,27
3793,Howell,Benimadho,24
3794,Enrique,Grindell,49
3795,Ignatz,Marsette,23
3796,Dale,Puzio,35
3798,Alva,Lockaby,40
3799,Abdul,Khatcherian,46
3800,Rory,Ljungquist,37
3801,Michal,Blum,23
3802,Tashina,Yaroch,28
3803,Josefita,Peeks,28
3804,Catharine,Tretola,31
3805,Jamin,Pingitore,48
3806,Todd,Plowden,42
3807,Hung,Vollstedt,38
3808,Lincoln,Verbasco,29
3809,Bessie,Calvello,43
3810,Avie,Prati,47
3811,Curtiss,Quaas,39
3812,Karel,Monteagudo,35
3813,Rossie,Corbit,38
3814,Djuana,Trigillo,20
3815,Pearlie,Garf,48
3816,Pheobe,Patocka,27
3817,Stephanie,Buen,48
3818,Jeryl,Mickey,45
3819,Kortney,Grieme,29
3820,Brennen,Fekety,45
3821,Miesha,Dowless,43
3822,Harrison,Yocum,25
3823,Adrian,Pyscher,37
3824,Giancarlo,Grupa,29
3825,Irena,Winick,35
3826,Marion,Wenner,22
3827,Milda,Plamondin,21
3828,Jon,Gentleman,44
3829,Cinthia,Chkouri,20
3831,Alejandra,Shell,29
3832,Columbia,Askin,39
3833,Lida,McDanial,32
3834,Margretta,Boeckx,46
3835,Jessi,Dearing,28
3836,Ferrell,Gyatso,34
3837,Quinten,Net,37
3838,Weston,Limberg,44
3839,Jazlynn,Aspinwall,35
3840,Mathews,Greenhoward,44
3841,Kahlil,Kunert,24
3842,Jamiya,McKasson,36
3843,Jeanne,Belanich,30
3844,Matthew,Freibert,26
3845,Yvonne,McQuiggan,46
3846,Howard,Aardema,42
3847,Leandra,Lamothe,21
3848,Olie,Dapvaala,46
3849,Samantha,Crocitto,48
3850,Kenneth,Lansey,24
3852,Liston,Fouyer,26
3853,Drusilla,Knap,28
3854,Toivo,Dacosta,38
3855,Burton,Senteno,24
3856,Darwyn,Portis,26
3857,Merilyn,Juncker,34
3858,Isam,Pawley,30
3859,Beverlee,Bacha,26
3860,Rena,Bunten,39
3862,Rosa,Ayars,39
3863,Zigmund,Tezak,20
3864,Margy,Sheeder,32
3865,Carissa,Klinner,39
3866,Luigi,Zweier,47
3867,Mychal,Tehrani,23
3868,Tyler,Enns,31
3869,Seamus,Detone,31
3870,Macel,Rebeck,41
3871,Trent,Frankland,41
3873,Janiah,Trumball,37
3874,Ayana,Kimmet,23
3875,Elinor,Staudinger,26
3876,Orion,Tvedt,34
3878,Beulah,Escalero,43
3879,Janyce,Grams,22
3880,Miguelangel,Alix,36
3881,Sal,Deter,28
3882,Toya,Berges,37
3883,Skyler,Conoly,39
3884,Kailyn,Versace,22
3885,Enoch,Hounshell,31
3887,Zebulon,Merrow,48
3888,Dianne,Wycuff,47
3889,Worth,Dominick,42
3890,Tamie,Roscow,35
3891,Rosia,Zeldin,32
3892,Diann,Hipple,39
3893,Damari,Keisler,34
3894,Maria,Khong,39
3895,Audie,Kawakami,39
3896,Dellie,Pozzobon,36
3897,Lutie,Patadia,23
3898,Tamya,Lazarte,22
3899,Hana,Park,20
3900,Kimberlee,Bastian,30
3901,Edrie,Orlandi,39
3902,Gladys,Wiggens,30
3903,Judah,Kall,49
3904,Kinley,Colapinto,28
3905,Doug,Beltramo,28
3906,Guillermo,Todahl,23
3907,Jennette,Mao,35
3908,Giovanni,Sciandra,46
3909,Jaylee,Haith,27
3910,Butch,Buchs,34
3911,Cora,Barad,26
3912,Charmaine,Wan,26
3913,Sanaa,Berroa,49
3914,Nicki,McCally,30
3915,Amado,Soucek,40
3916,Ford,Lisa,38
3917,Carli,Apley,47
3918,Deborah,Rieth,38
3919,Merrily,Reins,26
3920,Alvira,Schuner,21
3921,Jarrad,Rabner,40
3922,Krish,Vibbard,43
3923,Katharina,Bonsignore,36
3924,Kolton,Clingman,21
3925,Tremaine,Pitcairn,35
3926,Terrence,Lalonde,38
3927,Mckinley,Mazique,44
3928,Adele,Maccormack,38
3929,Ely,Agerter,20
3930,Karie,Ogando,39
3931,Warren,Vessey,33
3932,Grace,Macpartland,48
3933,Bernice,McGlone,26
3934,Richelle,Bierod,49
3935,Ota,Lyerly,32
3936,Jayme,Durrah,47
3937,Randal,Abelardo,37
3938,Tiana,Miyasato,24
3939,Kirsten,Saylor,26
3940,Maranda,Moquin,36
3941,Harley,Kempa,33
3942,Sade,Cropsey,41
3944,Deetta,Ciers,28
3945,Lorenz,Mage,26
3946,Devon,Ruthenberg,20
3947,Amy,Fredley,37
3949,Lesley,Wilkie,47
3950,Shawnda,McFarlen,44
3951,Savilla,Palubiak,47
3952,Joshua,Arning,22
3953,Azul,Alice,35
3954,Ivie,Casillas,37
3955,Christel,Fies,47
3956,Kiyoko,Abatiell,43
3957,Miguel,Ebright,44
3958,Tess,Bertagnoli,36
3959,Alta,Shoeman,30
3960,Keeley,Dacunto,36
3963,Bascom,Griffon,26
3964,Odell,Pousson,24
3965,Parker,Martinie,37
3966,Elisha,Starkman,31
3967,Rosina,Sciarra,28
3968,Perry,Tenner,38
3969,Anice,Kalley,34
3970,Kaye,Longest,33
3971,Malik,McKendrick,29
3972,Pleasant,Nanes,23
3973,Estefani,Markegard,20
3974,Dakotah,Shubrooks,40
3975,Paulette,Culverhouse,20
3976,Willodean,Davise,44
3977,Aryana,Nelke,20
3978,Savion,Boje,49
3979,Nancy,Kranock,22
3981,Mel,Moccasin,23
3982,Bryanna,Brade,28
3983,Cael,Dreyfuss,29
3984,Nikolai,Gnas,39
3985,Breanna,Anstine,24
3986,Delmus,Doceti,26
3987,Collie,Rados,25
3988,Myla,Denbow,23
3990,Reta,Plain,28
3991,Micah,Nabours,31
3992,Roy,Armenta,32
3993,Shameka,Bertagnoli,39
3994,Berlin,Barchacky,37
3995,Tyriq,Goergen,36
3996,Gerrit,Lorenzana,45
3997,Macy,Leto,38
3998,Gerhardt,Canevari,42
3999,Babyboy,Cavitt,28
4000,Yasmeen,Blackman,20
4001,Arthur,Kelchner,22
4002,Kyrie,Verling,46
4003,Samara,Venditti,49
4004,Tamara,Shurtleff,21
4005,Oda,Wojnaroski,20
4006,Yusuf,Duran,36
4007,Mahala,Solan,21
4008,Christiana,Kahn,26
4009,Cannie,Hathorne,37
4010,Gladys,Carleo,38
4012,Iola,Gladish,43
4013,Etta,Garzia,45
4014,Ardyce,Szostak,36
4015,Fredrick,Ellerkamp,44
4016,Kirt,Leaser,33
4017,Darrian,Monticello,35
4018,Melanie,Herrling,37
4019,Saverio,Bierut,30
4020,Vera,Diekmann,26
4021,Ian,Stupka,38
4022,Casimiro,Macareno,49
4023,Hilah,Lampp,36
4024,Kash,Allison,40
4025,Aryanna,Marruffo,43
4026,Gretta,Fergurson,23
4027,Khalil,Eland,23
4028,Rollo,Cauterucci,39
4029,Deante,Honeycut,49
4030,Emmons,Krolczyk,34
4032,Lita,Castel,47
4033,Trinidad,Trundy,25
4034,Candace,Ruhn,31
4035,Lara,Quaile,34
4036,Janine,Pollman,49
4037,Britta,Wollmuth,28
4038,Debbi,Sollors,29
